CO2,Source,Variable,Gender,COU,Destination,Year,Migrants,Dest_lat,Dest_long
MEX,Mexico,Inflows of foreign population by nationality,Male,AUS,Australia,2000,20,-27,133
MEX,Mexico,Inflows of foreign population by nationality,Male,AUS,Australia,2001,25,-27,133
MEX,Mexico,Inflows of foreign population by nationality,Male,AUS,Australia,2002,26,-27,133
MEX,Mexico,Inflows of foreign population by nationality,Male,AUS,Australia,2003,31,-27,133
MEX,Mexico,Inflows of foreign population by nationality,Male,AUS,Australia,2004,40,-27,133
MEX,Mexico,Inflows of foreign population by nationality,Male,AUS,Australia,2005,57,-27,133
MEX,Mexico,Inflows of foreign population by nationality,Male,AUS,Australia,2006,87,-27,133
MEX,Mexico,Inflows of foreign population by nationality,Male,AUS,Australia,2007,92,-27,133
MEX,Mexico,Inflows of foreign population by nationality,Male,AUS,Australia,2008,134,-27,133
MEX,Mexico,Inflows of foreign population by nationality,Male,AUS,Australia,2009,138,-27,133
MEX,Mexico,Inflows of foreign population by nationality,Male,AUS,Australia,2010,130,-27,133
MEX,Mexico,Inflows of foreign population by nationality,Male,AUS,Australia,2011,122,-27,133
MEX,Mexico,Inflows of foreign population by nationality,Male,AUS,Australia,2012,176,-27,133
MEX,Mexico,Inflows of foreign population by nationality,Male,AUS,Australia,2013,143,-27,133
MEX,Mexico,Inflows of foreign population by nationality,Male,AUS,Australia,2014,135,-27,133
MEX,Mexico,Inflows of foreign population by nationality,Male,AUS,Australia,2015,129,-27,133
MEX,Mexico,Inflows of foreign population by nationality,Male,AUS,Australia,2016,138,-27,133
MEX,Mexico,Inflows of foreign population by nationality,Male,AUS,Australia,2017,109,-27,133
MEX,Mexico,Inflows of foreign population by nationality,Male,AUS,Australia,2018,111,-27,133
MEX,Mexico,Inflows of foreign population by nationality,Male,AUS,Australia,2019,121,-27,133
MEX,Mexico,Inflows of foreign population by nationality,Male,AUS,Australia,2020,105,-27,133
MEX,Mexico,Inflows of foreign population by nationality,Male,AUT,Austria,2000,42,47.3333,13.3333
MEX,Mexico,Inflows of foreign population by nationality,Male,AUT,Austria,2001,33,47.3333,13.3333
MEX,Mexico,Inflows of foreign population by nationality,Male,AUT,Austria,2002,58,47.3333,13.3333
MEX,Mexico,Inflows of foreign population by nationality,Male,AUT,Austria,2003,25,47.3333,13.3333
MEX,Mexico,Inflows of foreign population by nationality,Male,AUT,Austria,2004,55,47.3333,13.3333
MEX,Mexico,Inflows of foreign population by nationality,Male,AUT,Austria,2005,64,47.3333,13.3333
MEX,Mexico,Inflows of foreign population by nationality,Male,AUT,Austria,2006,64,47.3333,13.3333
MEX,Mexico,Inflows of foreign population by nationality,Male,AUT,Austria,2007,77,47.3333,13.3333
MEX,Mexico,Inflows of foreign population by nationality,Male,AUT,Austria,2008,89,47.3333,13.3333
MEX,Mexico,Inflows of foreign population by nationality,Male,AUT,Austria,2009,104,47.3333,13.3333
MEX,Mexico,Inflows of foreign population by nationality,Male,AUT,Austria,2010,91,47.3333,13.3333
MEX,Mexico,Inflows of foreign population by nationality,Male,AUT,Austria,2011,106,47.3333,13.3333
MEX,Mexico,Inflows of foreign population by nationality,Male,AUT,Austria,2012,122,47.3333,13.3333
MEX,Mexico,Inflows of foreign population by nationality,Male,AUT,Austria,2013,101,47.3333,13.3333
MEX,Mexico,Inflows of foreign population by nationality,Male,AUT,Austria,2014,99,47.3333,13.3333
MEX,Mexico,Inflows of foreign population by nationality,Male,AUT,Austria,2015,122,47.3333,13.3333
MEX,Mexico,Inflows of foreign population by nationality,Male,AUT,Austria,2016,136,47.3333,13.3333
MEX,Mexico,Inflows of foreign population by nationality,Male,AUT,Austria,2017,140,47.3333,13.3333
MEX,Mexico,Inflows of foreign population by nationality,Male,AUT,Austria,2018,154,47.3333,13.3333
MEX,Mexico,Inflows of foreign population by nationality,Male,AUT,Austria,2019,172,47.3333,13.3333
MEX,Mexico,Inflows of foreign population by nationality,Male,AUT,Austria,2020,118,47.3333,13.3333
MEX,Mexico,Inflows of foreign population by nationality,Male,BEL,Belgium,2008,97,50.8333,4
MEX,Mexico,Inflows of foreign population by nationality,Male,BEL,Belgium,2009,109,50.8333,4
MEX,Mexico,Inflows of foreign population by nationality,Male,BEL,Belgium,2010,91,50.8333,4
MEX,Mexico,Inflows of foreign population by nationality,Male,BEL,Belgium,2011,128,50.8333,4
MEX,Mexico,Inflows of foreign population by nationality,Male,BEL,Belgium,2012,107,50.8333,4
MEX,Mexico,Inflows of foreign population by nationality,Male,BEL,Belgium,2013,104,50.8333,4
MEX,Mexico,Inflows of foreign population by nationality,Male,BEL,Belgium,2014,94,50.8333,4
MEX,Mexico,Inflows of foreign population by nationality,Male,BEL,Belgium,2015,92,50.8333,4
MEX,Mexico,Inflows of foreign population by nationality,Male,BEL,Belgium,2016,118,50.8333,4
MEX,Mexico,Inflows of foreign population by nationality,Male,BEL,Belgium,2017,129,50.8333,4
MEX,Mexico,Inflows of foreign population by nationality,Male,BEL,Belgium,2018,157,50.8333,4
MEX,Mexico,Inflows of foreign population by nationality,Male,BEL,Belgium,2019,157,50.8333,4
MEX,Mexico,Inflows of foreign population by nationality,Male,BEL,Belgium,2020,92,50.8333,4
MEX,Mexico,Inflows of foreign population by nationality,Male,CAN,Canada,2000,758,60,-95
MEX,Mexico,Inflows of foreign population by nationality,Male,CAN,Canada,2001,879,60,-95
MEX,Mexico,Inflows of foreign population by nationality,Male,CAN,Canada,2002,910,60,-95
MEX,Mexico,Inflows of foreign population by nationality,Male,CAN,Canada,2003,775,60,-95
MEX,Mexico,Inflows of foreign population by nationality,Male,CAN,Canada,2004,1027,60,-95
MEX,Mexico,Inflows of foreign population by nationality,Male,CAN,Canada,2005,1337,60,-95
MEX,Mexico,Inflows of foreign population by nationality,Male,CAN,Canada,2006,1332,60,-95
MEX,Mexico,Inflows of foreign population by nationality,Male,CAN,Canada,2007,1567,60,-95
MEX,Mexico,Inflows of foreign population by nationality,Male,CAN,Canada,2008,1321,60,-95
MEX,Mexico,Inflows of foreign population by nationality,Male,CAN,Canada,2009,1441,60,-95
MEX,Mexico,Inflows of foreign population by nationality,Male,CAN,Canada,2010,1836,60,-95
MEX,Mexico,Inflows of foreign population by nationality,Male,CAN,Canada,2011,1901,60,-95
MEX,Mexico,Inflows of foreign population by nationality,Male,CAN,Canada,2012,2073,60,-95
MEX,Mexico,Inflows of foreign population by nationality,Male,CAN,Canada,2013,1961,60,-95
MEX,Mexico,Inflows of foreign population by nationality,Male,CAN,Canada,2014,2266,60,-95
MEX,Mexico,Inflows of foreign population by nationality,Male,CAN,Canada,2015,1605,60,-95
MEX,Mexico,Inflows of foreign population by nationality,Male,CAN,Canada,2016,1705,60,-95
MEX,Mexico,Inflows of foreign population by nationality,Male,CAN,Canada,2017,1530,60,-95
MEX,Mexico,Inflows of foreign population by nationality,Male,CAN,Canada,2018,1625,60,-95
MEX,Mexico,Inflows of foreign population by nationality,Male,CAN,Canada,2019,1645,60,-95
MEX,Mexico,Inflows of foreign population by nationality,Male,CAN,Canada,2020,2430,60,-95
MEX,Mexico,Inflows of foreign population by nationality,Male,CZE,Czech Republic,2003,16,49.75,15.5
MEX,Mexico,Inflows of foreign population by nationality,Male,CZE,Czech Republic,2004,12,49.75,15.5
MEX,Mexico,Inflows of foreign population by nationality,Male,CZE,Czech Republic,2005,27,49.75,15.5
MEX,Mexico,Inflows of foreign population by nationality,Male,CZE,Czech Republic,2006,49,49.75,15.5
MEX,Mexico,Inflows of foreign population by nationality,Male,CZE,Czech Republic,2007,47,49.75,15.5
MEX,Mexico,Inflows of foreign population by nationality,Male,CZE,Czech Republic,2008,63,49.75,15.5
MEX,Mexico,Inflows of foreign population by nationality,Male,CZE,Czech Republic,2009,76,49.75,15.5
MEX,Mexico,Inflows of foreign population by nationality,Male,CZE,Czech Republic,2010,50,49.75,15.5
MEX,Mexico,Inflows of foreign population by nationality,Male,CZE,Czech Republic,2011,52,49.75,15.5
MEX,Mexico,Inflows of foreign population by nationality,Male,CZE,Czech Republic,2012,45,49.75,15.5
MEX,Mexico,Inflows of foreign population by nationality,Male,CZE,Czech Republic,2013,41,49.75,15.5
MEX,Mexico,Inflows of foreign population by nationality,Male,CZE,Czech Republic,2014,48,49.75,15.5
MEX,Mexico,Inflows of foreign population by nationality,Male,CZE,Czech Republic,2015,67,49.75,15.5
MEX,Mexico,Inflows of foreign population by nationality,Male,CZE,Czech Republic,2016,60,49.75,15.5
MEX,Mexico,Inflows of foreign population by nationality,Male,CZE,Czech Republic,2017,73,49.75,15.5
MEX,Mexico,Inflows of foreign population by nationality,Male,CZE,Czech Republic,2018,104,49.75,15.5
MEX,Mexico,Inflows of foreign population by nationality,Male,CZE,Czech Republic,2019,96,49.75,15.5
MEX,Mexico,Inflows of foreign population by nationality,Male,CZE,Czech Republic,2020,81,49.75,15.5
MEX,Mexico,Inflows of foreign population by nationality,Male,DNK,Denmark,2000,51,56,10
MEX,Mexico,Inflows of foreign population by nationality,Male,DNK,Denmark,2001,52,56,10
MEX,Mexico,Inflows of foreign population by nationality,Male,DNK,Denmark,2002,53,56,10
MEX,Mexico,Inflows of foreign population by nationality,Male,DNK,Denmark,2003,41,56,10
MEX,Mexico,Inflows of foreign population by nationality,Male,DNK,Denmark,2004,49,56,10
MEX,Mexico,Inflows of foreign population by nationality,Male,DNK,Denmark,2005,51,56,10
MEX,Mexico,Inflows of foreign population by nationality,Male,DNK,Denmark,2006,64,56,10
MEX,Mexico,Inflows of foreign population by nationality,Male,DNK,Denmark,2007,40,56,10
MEX,Mexico,Inflows of foreign population by nationality,Male,DNK,Denmark,2008,52,56,10
MEX,Mexico,Inflows of foreign population by nationality,Male,DNK,Denmark,2009,39,56,10
MEX,Mexico,Inflows of foreign population by nationality,Male,DNK,Denmark,2010,53,56,10
MEX,Mexico,Inflows of foreign population by nationality,Male,DNK,Denmark,2011,57,56,10
MEX,Mexico,Inflows of foreign population by nationality,Male,DNK,Denmark,2012,45,56,10
MEX,Mexico,Inflows of foreign population by nationality,Male,DNK,Denmark,2013,73,56,10
MEX,Mexico,Inflows of foreign population by nationality,Male,DNK,Denmark,2014,58,56,10
MEX,Mexico,Inflows of foreign population by nationality,Male,DNK,Denmark,2015,40,56,10
MEX,Mexico,Inflows of foreign population by nationality,Male,DNK,Denmark,2016,66,56,10
MEX,Mexico,Inflows of foreign population by nationality,Male,DNK,Denmark,2017,73,56,10
MEX,Mexico,Inflows of foreign population by nationality,Male,DNK,Denmark,2018,65,56,10
MEX,Mexico,Inflows of foreign population by nationality,Male,DNK,Denmark,2019,71,56,10
MEX,Mexico,Inflows of foreign population by nationality,Male,DNK,Denmark,2020,70,56,10
MEX,Mexico,Inflows of foreign population by nationality,Male,FIN,Finland,2000,5,64,26
MEX,Mexico,Inflows of foreign population by nationality,Male,FIN,Finland,2001,7,64,26
MEX,Mexico,Inflows of foreign population by nationality,Male,FIN,Finland,2002,7,64,26
MEX,Mexico,Inflows of foreign population by nationality,Male,FIN,Finland,2003,11,64,26
MEX,Mexico,Inflows of foreign population by nationality,Male,FIN,Finland,2004,27,64,26
MEX,Mexico,Inflows of foreign population by nationality,Male,FIN,Finland,2005,20,64,26
MEX,Mexico,Inflows of foreign population by nationality,Male,FIN,Finland,2006,28,64,26
MEX,Mexico,Inflows of foreign population by nationality,Male,FIN,Finland,2007,23,64,26
MEX,Mexico,Inflows of foreign population by nationality,Male,FIN,Finland,2008,32,64,26
MEX,Mexico,Inflows of foreign population by nationality,Male,FIN,Finland,2009,43,64,26
MEX,Mexico,Inflows of foreign population by nationality,Male,FIN,Finland,2010,30,64,26
MEX,Mexico,Inflows of foreign population by nationality,Male,FIN,Finland,2011,43,64,26
MEX,Mexico,Inflows of foreign population by nationality,Male,FIN,Finland,2012,45,64,26
MEX,Mexico,Inflows of foreign population by nationality,Male,FIN,Finland,2013,33,64,26
MEX,Mexico,Inflows of foreign population by nationality,Male,FIN,Finland,2014,45,64,26
MEX,Mexico,Inflows of foreign population by nationality,Male,FIN,Finland,2015,42,64,26
MEX,Mexico,Inflows of foreign population by nationality,Male,FIN,Finland,2016,38,64,26
MEX,Mexico,Inflows of foreign population by nationality,Male,FIN,Finland,2017,41,64,26
MEX,Mexico,Inflows of foreign population by nationality,Male,FIN,Finland,2018,48,64,26
MEX,Mexico,Inflows of foreign population by nationality,Male,FIN,Finland,2019,38,64,26
MEX,Mexico,Inflows of foreign population by nationality,Male,FIN,Finland,2020,49,64,26
MEX,Mexico,Inflows of foreign population by nationality,Male,FRA,France,2000,293,46,2
MEX,Mexico,Inflows of foreign population by nationality,Male,FRA,France,2001,364,46,2
MEX,Mexico,Inflows of foreign population by nationality,Male,FRA,France,2002,386,46,2
MEX,Mexico,Inflows of foreign population by nationality,Male,FRA,France,2003,400,46,2
MEX,Mexico,Inflows of foreign population by nationality,Male,FRA,France,2004,422,46,2
MEX,Mexico,Inflows of foreign population by nationality,Male,FRA,France,2005,416,46,2
MEX,Mexico,Inflows of foreign population by nationality,Male,FRA,France,2006,197,46,2
MEX,Mexico,Inflows of foreign population by nationality,Male,FRA,France,2007,210,46,2
MEX,Mexico,Inflows of foreign population by nationality,Male,FRA,France,2008,260,46,2
MEX,Mexico,Inflows of foreign population by nationality,Male,FRA,France,2009,237,46,2
MEX,Mexico,Inflows of foreign population by nationality,Male,FRA,France,2010,233,46,2
MEX,Mexico,Inflows of foreign population by nationality,Male,FRA,France,2011,284,46,2
MEX,Mexico,Inflows of foreign population by nationality,Male,FRA,France,2012,239,46,2
MEX,Mexico,Inflows of foreign population by nationality,Male,FRA,France,2013,244,46,2
MEX,Mexico,Inflows of foreign population by nationality,Male,FRA,France,2014,232,46,2
MEX,Mexico,Inflows of foreign population by nationality,Male,FRA,France,2015,289,46,2
MEX,Mexico,Inflows of foreign population by nationality,Male,FRA,France,2016,320,46,2
MEX,Mexico,Inflows of foreign population by nationality,Male,FRA,France,2017,319,46,2
MEX,Mexico,Inflows of foreign population by nationality,Male,FRA,France,2018,365,46,2
MEX,Mexico,Inflows of foreign population by nationality,Male,FRA,France,2019,399,46,2
MEX,Mexico,Inflows of foreign population by nationality,Male,FRA,France,2020,298,46,2
MEX,Mexico,Inflows of foreign population by nationality,Male,DEU,Germany,2000,1768,51,9
MEX,Mexico,Inflows of foreign population by nationality,Male,DEU,Germany,2001,1667,51,9
MEX,Mexico,Inflows of foreign population by nationality,Male,DEU,Germany,2002,866,51,9
MEX,Mexico,Inflows of foreign population by nationality,Male,DEU,Germany,2003,1012,51,9
MEX,Mexico,Inflows of foreign population by nationality,Male,DEU,Germany,2004,1086,51,9
MEX,Mexico,Inflows of foreign population by nationality,Male,DEU,Germany,2005,1117,51,9
MEX,Mexico,Inflows of foreign population by nationality,Male,DEU,Germany,2006,1365,51,9
MEX,Mexico,Inflows of foreign population by nationality,Male,DEU,Germany,2007,1261,51,9
MEX,Mexico,Inflows of foreign population by nationality,Male,DEU,Germany,2008,1569,51,9
MEX,Mexico,Inflows of foreign population by nationality,Male,DEU,Germany,2009,1394,51,9
MEX,Mexico,Inflows of foreign population by nationality,Male,DEU,Germany,2010,1573,51,9
MEX,Mexico,Inflows of foreign population by nationality,Male,DEU,Germany,2011,1860,51,9
MEX,Mexico,Inflows of foreign population by nationality,Male,DEU,Germany,2012,1834,51,9
MEX,Mexico,Inflows of foreign population by nationality,Male,DEU,Germany,2013,1909,51,9
MEX,Mexico,Inflows of foreign population by nationality,Male,DEU,Germany,2014,2679,51,9
MEX,Mexico,Inflows of foreign population by nationality,Male,DEU,Germany,2015,2445,51,9
MEX,Mexico,Inflows of foreign population by nationality,Male,DEU,Germany,2016,2320,51,9
MEX,Mexico,Inflows of foreign population by nationality,Male,DEU,Germany,2017,2469,51,9
MEX,Mexico,Inflows of foreign population by nationality,Male,DEU,Germany,2018,2436,51,9
MEX,Mexico,Inflows of foreign population by nationality,Male,DEU,Germany,2019,2300,51,9
MEX,Mexico,Inflows of foreign population by nationality,Male,DEU,Germany,2020,1095,51,9
MEX,Mexico,Inflows of foreign population by nationality,Male,HUN,Hungary,2001,0,47,20
MEX,Mexico,Inflows of foreign population by nationality,Male,HUN,Hungary,2002,0,47,20
MEX,Mexico,Inflows of foreign population by nationality,Male,HUN,Hungary,2003,0,47,20
MEX,Mexico,Inflows of foreign population by nationality,Male,HUN,Hungary,2004,0,47,20
MEX,Mexico,Inflows of foreign population by nationality,Male,HUN,Hungary,2005,19,47,20
MEX,Mexico,Inflows of foreign population by nationality,Male,HUN,Hungary,2006,40,47,20
MEX,Mexico,Inflows of foreign population by nationality,Male,HUN,Hungary,2007,36,47,20
MEX,Mexico,Inflows of foreign population by nationality,Male,HUN,Hungary,2008,68,47,20
MEX,Mexico,Inflows of foreign population by nationality,Male,HUN,Hungary,2009,56,47,20
MEX,Mexico,Inflows of foreign population by nationality,Male,HUN,Hungary,2010,74,47,20
MEX,Mexico,Inflows of foreign population by nationality,Male,HUN,Hungary,2011,74,47,20
MEX,Mexico,Inflows of foreign population by nationality,Male,HUN,Hungary,2012,89,47,20
MEX,Mexico,Inflows of foreign population by nationality,Male,HUN,Hungary,2013,63,47,20
MEX,Mexico,Inflows of foreign population by nationality,Male,HUN,Hungary,2014,72,47,20
MEX,Mexico,Inflows of foreign population by nationality,Male,HUN,Hungary,2015,102,47,20
MEX,Mexico,Inflows of foreign population by nationality,Male,HUN,Hungary,2016,80,47,20
MEX,Mexico,Inflows of foreign population by nationality,Male,HUN,Hungary,2017,84,47,20
MEX,Mexico,Inflows of foreign population by nationality,Male,HUN,Hungary,2018,93,47,20
MEX,Mexico,Inflows of foreign population by nationality,Male,HUN,Hungary,2019,118,47,20
MEX,Mexico,Inflows of foreign population by nationality,Male,HUN,Hungary,2020,61,47,20
MEX,Mexico,Inflows of foreign population by nationality,Male,ISL,Iceland,2000,2,65,-18
MEX,Mexico,Inflows of foreign population by nationality,Male,ISL,Iceland,2001,1,65,-18
MEX,Mexico,Inflows of foreign population by nationality,Male,ISL,Iceland,2002,0,65,-18
MEX,Mexico,Inflows of foreign population by nationality,Male,ISL,Iceland,2003,4,65,-18
MEX,Mexico,Inflows of foreign population by nationality,Male,ISL,Iceland,2004,0,65,-18
MEX,Mexico,Inflows of foreign population by nationality,Male,ISL,Iceland,2005,3,65,-18
MEX,Mexico,Inflows of foreign population by nationality,Male,ISL,Iceland,2006,4,65,-18
MEX,Mexico,Inflows of foreign population by nationality,Male,ISL,Iceland,2007,2,65,-18
MEX,Mexico,Inflows of foreign population by nationality,Male,ISL,Iceland,2008,8,65,-18
MEX,Mexico,Inflows of foreign population by nationality,Male,ISL,Iceland,2009,4,65,-18
MEX,Mexico,Inflows of foreign population by nationality,Male,ISL,Iceland,2010,2,65,-18
MEX,Mexico,Inflows of foreign population by nationality,Male,ISL,Iceland,2011,6,65,-18
MEX,Mexico,Inflows of foreign population by nationality,Male,ISL,Iceland,2012,4,65,-18
MEX,Mexico,Inflows of foreign population by nationality,Male,ISL,Iceland,2013,5,65,-18
MEX,Mexico,Inflows of foreign population by nationality,Male,ISL,Iceland,2014,10,65,-18
MEX,Mexico,Inflows of foreign population by nationality,Male,ISL,Iceland,2015,11,65,-18
MEX,Mexico,Inflows of foreign population by nationality,Male,ISL,Iceland,2016,14,65,-18
MEX,Mexico,Inflows of foreign population by nationality,Male,ISL,Iceland,2017,5,65,-18
MEX,Mexico,Inflows of foreign population by nationality,Male,ISL,Iceland,2018,11,65,-18
MEX,Mexico,Inflows of foreign population by nationality,Male,ISL,Iceland,2019,2,65,-18
MEX,Mexico,Inflows of foreign population by nationality,Male,ISL,Iceland,2020,3,65,-18
MEX,Mexico,Inflows of foreign population by nationality,Male,ITA,Italy,2000,89,42.8333,12.8333
MEX,Mexico,Inflows of foreign population by nationality,Male,ITA,Italy,2002,118,42.8333,12.8333
MEX,Mexico,Inflows of foreign population by nationality,Male,ITA,Italy,2003,113,42.8333,12.8333
MEX,Mexico,Inflows of foreign population by nationality,Male,ITA,Italy,2004,141,42.8333,12.8333
MEX,Mexico,Inflows of foreign population by nationality,Male,ITA,Italy,2005,148,42.8333,12.8333
MEX,Mexico,Inflows of foreign population by nationality,Male,ITA,Italy,2006,132,42.8333,12.8333
MEX,Mexico,Inflows of foreign population by nationality,Male,ITA,Italy,2007,122,42.8333,12.8333
MEX,Mexico,Inflows of foreign population by nationality,Male,ITA,Italy,2008,118,42.8333,12.8333
MEX,Mexico,Inflows of foreign population by nationality,Male,ITA,Italy,2009,183,42.8333,12.8333
MEX,Mexico,Inflows of foreign population by nationality,Male,ITA,Italy,2010,172,42.8333,12.8333
MEX,Mexico,Inflows of foreign population by nationality,Male,ITA,Italy,2011,161,42.8333,12.8333
MEX,Mexico,Inflows of foreign population by nationality,Male,ITA,Italy,2012,174,42.8333,12.8333
MEX,Mexico,Inflows of foreign population by nationality,Male,ITA,Italy,2013,140,42.8333,12.8333
MEX,Mexico,Inflows of foreign population by nationality,Male,ITA,Italy,2014,123,42.8333,12.8333
MEX,Mexico,Inflows of foreign population by nationality,Male,ITA,Italy,2015,129,42.8333,12.8333
MEX,Mexico,Inflows of foreign population by nationality,Male,ITA,Italy,2016,150,42.8333,12.8333
MEX,Mexico,Inflows of foreign population by nationality,Male,ITA,Italy,2017,112,42.8333,12.8333
MEX,Mexico,Inflows of foreign population by nationality,Male,ITA,Italy,2018,164,42.8333,12.8333
MEX,Mexico,Inflows of foreign population by nationality,Male,ITA,Italy,2019,174,42.8333,12.8333
MEX,Mexico,Inflows of foreign population by nationality,Male,ITA,Italy,2020,152,42.8333,12.8333
MEX,Mexico,Inflows of foreign population by nationality,Male,JPN,Japan,2006,834,36,138
MEX,Mexico,Inflows of foreign population by nationality,Male,JPN,Japan,2007,694,36,138
MEX,Mexico,Inflows of foreign population by nationality,Male,JPN,Japan,2008,683,36,138
MEX,Mexico,Inflows of foreign population by nationality,Male,JPN,Japan,2009,500,36,138
MEX,Mexico,Inflows of foreign population by nationality,Male,JPN,Japan,2010,628,36,138
MEX,Mexico,Inflows of foreign population by nationality,Male,JPN,Japan,2011,607,36,138
MEX,Mexico,Inflows of foreign population by nationality,Male,JPN,Japan,2012,789,36,138
MEX,Mexico,Inflows of foreign population by nationality,Male,JPN,Japan,2013,767,36,138
MEX,Mexico,Inflows of foreign population by nationality,Male,JPN,Japan,2014,724,36,138
MEX,Mexico,Inflows of foreign population by nationality,Male,JPN,Japan,2015,823,36,138
MEX,Mexico,Inflows of foreign population by nationality,Male,JPN,Japan,2016,916,36,138
MEX,Mexico,Inflows of foreign population by nationality,Male,JPN,Japan,2017,1082,36,138
MEX,Mexico,Inflows of foreign population by nationality,Male,JPN,Japan,2018,1174,36,138
MEX,Mexico,Inflows of foreign population by nationality,Male,JPN,Japan,2019,1155,36,138
MEX,Mexico,Inflows of foreign population by nationality,Male,JPN,Japan,2020,389,36,138
MEX,Mexico,Inflows of foreign population by nationality,Male,KOR,Korea,2000,114,37,127.5
MEX,Mexico,Inflows of foreign population by nationality,Male,KOR,Korea,2001,80,37,127.5
MEX,Mexico,Inflows of foreign population by nationality,Male,KOR,Korea,2002,148,37,127.5
MEX,Mexico,Inflows of foreign population by nationality,Male,KOR,Korea,2003,74,37,127.5
MEX,Mexico,Inflows of foreign population by nationality,Male,KOR,Korea,2004,82,37,127.5
MEX,Mexico,Inflows of foreign population by nationality,Male,KOR,Korea,2005,144,37,127.5
MEX,Mexico,Inflows of foreign population by nationality,Male,KOR,Korea,2006,109,37,127.5
MEX,Mexico,Inflows of foreign population by nationality,Male,KOR,Korea,2007,119,37,127.5
MEX,Mexico,Inflows of foreign population by nationality,Male,KOR,Korea,2008,97,37,127.5
MEX,Mexico,Inflows of foreign population by nationality,Male,KOR,Korea,2009,133,37,127.5
MEX,Mexico,Inflows of foreign population by nationality,Male,KOR,Korea,2010,118,37,127.5
MEX,Mexico,Inflows of foreign population by nationality,Male,KOR,Korea,2011,146,37,127.5
MEX,Mexico,Inflows of foreign population by nationality,Male,KOR,Korea,2012,123,37,127.5
MEX,Mexico,Inflows of foreign population by nationality,Male,KOR,Korea,2013,128,37,127.5
MEX,Mexico,Inflows of foreign population by nationality,Male,KOR,Korea,2014,152,37,127.5
MEX,Mexico,Inflows of foreign population by nationality,Male,KOR,Korea,2015,179,37,127.5
MEX,Mexico,Inflows of foreign population by nationality,Male,KOR,Korea,2016,156,37,127.5
MEX,Mexico,Inflows of foreign population by nationality,Male,KOR,Korea,2017,159,37,127.5
MEX,Mexico,Inflows of foreign population by nationality,Male,KOR,Korea,2018,163,37,127.5
MEX,Mexico,Inflows of foreign population by nationality,Male,KOR,Korea,2019,229,37,127.5
MEX,Mexico,Inflows of foreign population by nationality,Male,KOR,Korea,2020,134,37,127.5
MEX,Mexico,Inflows of foreign population by nationality,Male,LUX,Luxembourg,2000,8,49.75,6.1667
MEX,Mexico,Inflows of foreign population by nationality,Male,LUX,Luxembourg,2001,1,49.75,6.1667
MEX,Mexico,Inflows of foreign population by nationality,Male,LUX,Luxembourg,2002,8,49.75,6.1667
MEX,Mexico,Inflows of foreign population by nationality,Male,LUX,Luxembourg,2003,5,49.75,6.1667
MEX,Mexico,Inflows of foreign population by nationality,Male,LUX,Luxembourg,2004,10,49.75,6.1667
MEX,Mexico,Inflows of foreign population by nationality,Male,LUX,Luxembourg,2005,11,49.75,6.1667
MEX,Mexico,Inflows of foreign population by nationality,Male,LUX,Luxembourg,2006,5,49.75,6.1667
MEX,Mexico,Inflows of foreign population by nationality,Male,LUX,Luxembourg,2007,5,49.75,6.1667
MEX,Mexico,Inflows of foreign population by nationality,Male,LUX,Luxembourg,2008,12,49.75,6.1667
MEX,Mexico,Inflows of foreign population by nationality,Male,LUX,Luxembourg,2009,23,49.75,6.1667
MEX,Mexico,Inflows of foreign population by nationality,Male,LUX,Luxembourg,2010,9,49.75,6.1667
MEX,Mexico,Inflows of foreign population by nationality,Male,LUX,Luxembourg,2011,7,49.75,6.1667
MEX,Mexico,Inflows of foreign population by nationality,Male,LUX,Luxembourg,2012,8,49.75,6.1667
MEX,Mexico,Inflows of foreign population by nationality,Male,LUX,Luxembourg,2013,8,49.75,6.1667
MEX,Mexico,Inflows of foreign population by nationality,Male,LUX,Luxembourg,2014,13,49.75,6.1667
MEX,Mexico,Inflows of foreign population by nationality,Male,LUX,Luxembourg,2015,19,49.75,6.1667
MEX,Mexico,Inflows of foreign population by nationality,Male,LUX,Luxembourg,2016,14,49.75,6.1667
MEX,Mexico,Inflows of foreign population by nationality,Male,LUX,Luxembourg,2017,19,49.75,6.1667
MEX,Mexico,Inflows of foreign population by nationality,Male,LUX,Luxembourg,2018,14,49.75,6.1667
MEX,Mexico,Inflows of foreign population by nationality,Male,LUX,Luxembourg,2019,26,49.75,6.1667
MEX,Mexico,Inflows of foreign population by nationality,Male,LUX,Luxembourg,2020,17,49.75,6.1667
MEX,Mexico,Inflows of foreign population by nationality,Male,MEX,Mexico,2012,0,23,-102
MEX,Mexico,Inflows of foreign population by nationality,Male,MEX,Mexico,2013,0,23,-102
MEX,Mexico,Inflows of foreign population by nationality,Male,MEX,Mexico,2014,0,23,-102
MEX,Mexico,Inflows of foreign population by nationality,Male,NLD,Netherlands,2000,194,52.5,5.75
MEX,Mexico,Inflows of foreign population by nationality,Male,NLD,Netherlands,2001,213,52.5,5.75
MEX,Mexico,Inflows of foreign population by nationality,Male,NLD,Netherlands,2002,325,52.5,5.75
MEX,Mexico,Inflows of foreign population by nationality,Male,NLD,Netherlands,2003,261,52.5,5.75
MEX,Mexico,Inflows of foreign population by nationality,Male,NLD,Netherlands,2004,235,52.5,5.75
MEX,Mexico,Inflows of foreign population by nationality,Male,NLD,Netherlands,2005,237,52.5,5.75
MEX,Mexico,Inflows of foreign population by nationality,Male,NLD,Netherlands,2006,313,52.5,5.75
MEX,Mexico,Inflows of foreign population by nationality,Male,NLD,Netherlands,2007,311,52.5,5.75
MEX,Mexico,Inflows of foreign population by nationality,Male,NLD,Netherlands,2008,178,52.5,5.75
MEX,Mexico,Inflows of foreign population by nationality,Male,NLD,Netherlands,2009,173,52.5,5.75
MEX,Mexico,Inflows of foreign population by nationality,Male,NLD,Netherlands,2010,196,52.5,5.75
MEX,Mexico,Inflows of foreign population by nationality,Male,NLD,Netherlands,2011,203,52.5,5.75
MEX,Mexico,Inflows of foreign population by nationality,Male,NLD,Netherlands,2012,214,52.5,5.75
MEX,Mexico,Inflows of foreign population by nationality,Male,NLD,Netherlands,2013,239,52.5,5.75
MEX,Mexico,Inflows of foreign population by nationality,Male,NLD,Netherlands,2014,234,52.5,5.75
MEX,Mexico,Inflows of foreign population by nationality,Male,NLD,Netherlands,2015,285,52.5,5.75
MEX,Mexico,Inflows of foreign population by nationality,Male,NLD,Netherlands,2016,291,52.5,5.75
MEX,Mexico,Inflows of foreign population by nationality,Male,NLD,Netherlands,2017,360,52.5,5.75
MEX,Mexico,Inflows of foreign population by nationality,Male,NLD,Netherlands,2018,394,52.5,5.75
MEX,Mexico,Inflows of foreign population by nationality,Male,NLD,Netherlands,2019,366,52.5,5.75
MEX,Mexico,Inflows of foreign population by nationality,Male,NLD,Netherlands,2020,318,52.5,5.75
MEX,Mexico,Inflows of foreign population by nationality,Male,NZL,New Zealand,2000,7,-41,174
MEX,Mexico,Inflows of foreign population by nationality,Male,NZL,New Zealand,2001,39,-41,174
MEX,Mexico,Inflows of foreign population by nationality,Male,NZL,New Zealand,2002,73,-41,174
MEX,Mexico,Inflows of foreign population by nationality,Male,NZL,New Zealand,2003,94,-41,174
MEX,Mexico,Inflows of foreign population by nationality,Male,NZL,New Zealand,2004,59,-41,174
MEX,Mexico,Inflows of foreign population by nationality,Male,NZL,New Zealand,2005,89,-41,174
MEX,Mexico,Inflows of foreign population by nationality,Male,NZL,New Zealand,2006,68,-41,174
MEX,Mexico,Inflows of foreign population by nationality,Male,NZL,New Zealand,2007,74,-41,174
MEX,Mexico,Inflows of foreign population by nationality,Male,NZL,New Zealand,2008,82,-41,174
MEX,Mexico,Inflows of foreign population by nationality,Male,NZL,New Zealand,2009,82,-41,174
MEX,Mexico,Inflows of foreign population by nationality,Male,NZL,New Zealand,2010,108,-41,174
MEX,Mexico,Inflows of foreign population by nationality,Male,NZL,New Zealand,2011,101,-41,174
MEX,Mexico,Inflows of foreign population by nationality,Male,NZL,New Zealand,2012,113,-41,174
MEX,Mexico,Inflows of foreign population by nationality,Male,NZL,New Zealand,2013,107,-41,174
MEX,Mexico,Inflows of foreign population by nationality,Male,NZL,New Zealand,2014,135,-41,174
MEX,Mexico,Inflows of foreign population by nationality,Male,NZL,New Zealand,2015,112,-41,174
MEX,Mexico,Inflows of foreign population by nationality,Male,NZL,New Zealand,2016,124,-41,174
MEX,Mexico,Inflows of foreign population by nationality,Male,NZL,New Zealand,2017,117,-41,174
MEX,Mexico,Inflows of foreign population by nationality,Male,NZL,New Zealand,2018,130,-41,174
MEX,Mexico,Inflows of foreign population by nationality,Male,NZL,New Zealand,2019,123,-41,174
MEX,Mexico,Inflows of foreign population by nationality,Male,NZL,New Zealand,2020,60,-41,174
MEX,Mexico,Inflows of foreign population by nationality,Male,NOR,Norway,2000,20,62,10
MEX,Mexico,Inflows of foreign population by nationality,Male,NOR,Norway,2001,15,62,10
MEX,Mexico,Inflows of foreign population by nationality,Male,NOR,Norway,2002,17,62,10
MEX,Mexico,Inflows of foreign population by nationality,Male,NOR,Norway,2003,29,62,10
MEX,Mexico,Inflows of foreign population by nationality,Male,NOR,Norway,2004,18,62,10
MEX,Mexico,Inflows of foreign population by nationality,Male,NOR,Norway,2005,25,62,10
MEX,Mexico,Inflows of foreign population by nationality,Male,NOR,Norway,2006,26,62,10
MEX,Mexico,Inflows of foreign population by nationality,Male,NOR,Norway,2007,40,62,10
MEX,Mexico,Inflows of foreign population by nationality,Male,NOR,Norway,2008,41,62,10
MEX,Mexico,Inflows of foreign population by nationality,Male,NOR,Norway,2009,50,62,10
MEX,Mexico,Inflows of foreign population by nationality,Male,NOR,Norway,2010,45,62,10
MEX,Mexico,Inflows of foreign population by nationality,Male,NOR,Norway,2011,70,62,10
MEX,Mexico,Inflows of foreign population by nationality,Male,NOR,Norway,2012,61,62,10
MEX,Mexico,Inflows of foreign population by nationality,Male,NOR,Norway,2013,58,62,10
MEX,Mexico,Inflows of foreign population by nationality,Male,NOR,Norway,2014,58,62,10
MEX,Mexico,Inflows of foreign population by nationality,Male,NOR,Norway,2015,43,62,10
MEX,Mexico,Inflows of foreign population by nationality,Male,NOR,Norway,2016,46,62,10
MEX,Mexico,Inflows of foreign population by nationality,Male,NOR,Norway,2017,49,62,10
MEX,Mexico,Inflows of foreign population by nationality,Male,NOR,Norway,2018,67,62,10
MEX,Mexico,Inflows of foreign population by nationality,Male,NOR,Norway,2019,72,62,10
MEX,Mexico,Inflows of foreign population by nationality,Male,NOR,Norway,2020,48,62,10
MEX,Mexico,Inflows of foreign population by nationality,Male,POL,Poland,2005,61,52,20
MEX,Mexico,Inflows of foreign population by nationality,Male,POL,Poland,2006,79,52,20
MEX,Mexico,Inflows of foreign population by nationality,Male,POL,Poland,2007,85,52,20
MEX,Mexico,Inflows of foreign population by nationality,Male,POL,Poland,2008,120,52,20
MEX,Mexico,Inflows of foreign population by nationality,Male,POL,Poland,2009,156,52,20
MEX,Mexico,Inflows of foreign population by nationality,Male,POL,Poland,2010,163,52,20
MEX,Mexico,Inflows of foreign population by nationality,Male,POL,Poland,2011,168,52,20
MEX,Mexico,Inflows of foreign population by nationality,Male,POL,Poland,2012,165,52,20
MEX,Mexico,Inflows of foreign population by nationality,Male,POL,Poland,2013,120,52,20
MEX,Mexico,Inflows of foreign population by nationality,Male,POL,Poland,2014,69,52,20
MEX,Mexico,Inflows of foreign population by nationality,Male,POL,Poland,2015,134,52,20
MEX,Mexico,Inflows of foreign population by nationality,Male,POL,Poland,2016,124,52,20
MEX,Mexico,Inflows of foreign population by nationality,Male,POL,Poland,2017,130,52,20
MEX,Mexico,Inflows of foreign population by nationality,Male,POL,Poland,2018,144,52,20
MEX,Mexico,Inflows of foreign population by nationality,Male,POL,Poland,2019,170,52,20
MEX,Mexico,Inflows of foreign population by nationality,Male,POL,Poland,2020,201,52,20
MEX,Mexico,Inflows of foreign population by nationality,Male,SVK,Slovak Republic,2003,2,48.6667,19.5
MEX,Mexico,Inflows of foreign population by nationality,Male,SVK,Slovak Republic,2004,17,48.6667,19.5
MEX,Mexico,Inflows of foreign population by nationality,Male,SVK,Slovak Republic,2005,22,48.6667,19.5
MEX,Mexico,Inflows of foreign population by nationality,Male,SVK,Slovak Republic,2006,24,48.6667,19.5
MEX,Mexico,Inflows of foreign population by nationality,Male,SVK,Slovak Republic,2007,1,48.6667,19.5
MEX,Mexico,Inflows of foreign population by nationality,Male,SVK,Slovak Republic,2008,-8,48.6667,19.5
MEX,Mexico,Inflows of foreign population by nationality,Male,SVK,Slovak Republic,2009,1,48.6667,19.5
MEX,Mexico,Inflows of foreign population by nationality,Male,SVK,Slovak Republic,2010,1,48.6667,19.5
MEX,Mexico,Inflows of foreign population by nationality,Male,SVK,Slovak Republic,2011,3,48.6667,19.5
MEX,Mexico,Inflows of foreign population by nationality,Male,SVK,Slovak Republic,2012,2,48.6667,19.5
MEX,Mexico,Inflows of foreign population by nationality,Male,SVK,Slovak Republic,2013,2,48.6667,19.5
MEX,Mexico,Inflows of foreign population by nationality,Male,SVK,Slovak Republic,2014,2,48.6667,19.5
MEX,Mexico,Inflows of foreign population by nationality,Male,SVK,Slovak Republic,2015,8,48.6667,19.5
MEX,Mexico,Inflows of foreign population by nationality,Male,SVK,Slovak Republic,2016,2,48.6667,19.5
MEX,Mexico,Inflows of foreign population by nationality,Male,SVK,Slovak Republic,2017,3,48.6667,19.5
MEX,Mexico,Inflows of foreign population by nationality,Male,SVK,Slovak Republic,2018,6,48.6667,19.5
MEX,Mexico,Inflows of foreign population by nationality,Male,SVK,Slovak Republic,2019,1,48.6667,19.5
MEX,Mexico,Inflows of foreign population by nationality,Male,SVK,Slovak Republic,2020,3,48.6667,19.5
MEX,Mexico,Inflows of foreign population by nationality,Male,ESP,Spain,2000,585,40,-4
MEX,Mexico,Inflows of foreign population by nationality,Male,ESP,Spain,2001,756,40,-4
MEX,Mexico,Inflows of foreign population by nationality,Male,ESP,Spain,2002,1203,40,-4
MEX,Mexico,Inflows of foreign population by nationality,Male,ESP,Spain,2003,1175,40,-4
MEX,Mexico,Inflows of foreign population by nationality,Male,ESP,Spain,2004,2279,40,-4
MEX,Mexico,Inflows of foreign population by nationality,Male,ESP,Spain,2005,2452,40,-4
MEX,Mexico,Inflows of foreign population by nationality,Male,ESP,Spain,2006,2455,40,-4
MEX,Mexico,Inflows of foreign population by nationality,Male,ESP,Spain,2007,2650,40,-4
MEX,Mexico,Inflows of foreign population by nationality,Male,ESP,Spain,2008,2215,40,-4
MEX,Mexico,Inflows of foreign population by nationality,Male,ESP,Spain,2009,1639,40,-4
MEX,Mexico,Inflows of foreign population by nationality,Male,ESP,Spain,2010,1658,40,-4
MEX,Mexico,Inflows of foreign population by nationality,Male,ESP,Spain,2011,1916,40,-4
MEX,Mexico,Inflows of foreign population by nationality,Male,ESP,Spain,2012,1827,40,-4
MEX,Mexico,Inflows of foreign population by nationality,Male,ESP,Spain,2013,1405,40,-4
MEX,Mexico,Inflows of foreign population by nationality,Male,ESP,Spain,2014,1546,40,-4
MEX,Mexico,Inflows of foreign population by nationality,Male,ESP,Spain,2015,1590,40,-4
MEX,Mexico,Inflows of foreign population by nationality,Male,ESP,Spain,2016,1541,40,-4
MEX,Mexico,Inflows of foreign population by nationality,Male,ESP,Spain,2017,2003,40,-4
MEX,Mexico,Inflows of foreign population by nationality,Male,ESP,Spain,2018,2158,40,-4
MEX,Mexico,Inflows of foreign population by nationality,Male,ESP,Spain,2019,2569,40,-4
MEX,Mexico,Inflows of foreign population by nationality,Male,ESP,Spain,2020,1542,40,-4
MEX,Mexico,Inflows of foreign population by nationality,Male,SWE,Sweden,2000,71,62,15
MEX,Mexico,Inflows of foreign population by nationality,Male,SWE,Sweden,2001,64,62,15
MEX,Mexico,Inflows of foreign population by nationality,Male,SWE,Sweden,2002,55,62,15
MEX,Mexico,Inflows of foreign population by nationality,Male,SWE,Sweden,2003,63,62,15
MEX,Mexico,Inflows of foreign population by nationality,Male,SWE,Sweden,2004,68,62,15
MEX,Mexico,Inflows of foreign population by nationality,Male,SWE,Sweden,2005,103,62,15
MEX,Mexico,Inflows of foreign population by nationality,Male,SWE,Sweden,2006,54,62,15
MEX,Mexico,Inflows of foreign population by nationality,Male,SWE,Sweden,2007,80,62,15
MEX,Mexico,Inflows of foreign population by nationality,Male,SWE,Sweden,2008,105,62,15
MEX,Mexico,Inflows of foreign population by nationality,Male,SWE,Sweden,2009,91,62,15
MEX,Mexico,Inflows of foreign population by nationality,Male,SWE,Sweden,2010,75,62,15
MEX,Mexico,Inflows of foreign population by nationality,Male,SWE,Sweden,2011,83,62,15
MEX,Mexico,Inflows of foreign population by nationality,Male,SWE,Sweden,2012,74,62,15
MEX,Mexico,Inflows of foreign population by nationality,Male,SWE,Sweden,2013,78,62,15
MEX,Mexico,Inflows of foreign population by nationality,Male,SWE,Sweden,2014,75,62,15
MEX,Mexico,Inflows of foreign population by nationality,Male,SWE,Sweden,2015,80,62,15
MEX,Mexico,Inflows of foreign population by nationality,Male,SWE,Sweden,2016,73,62,15
MEX,Mexico,Inflows of foreign population by nationality,Male,SWE,Sweden,2017,121,62,15
MEX,Mexico,Inflows of foreign population by nationality,Male,SWE,Sweden,2018,118,62,15
MEX,Mexico,Inflows of foreign population by nationality,Male,SWE,Sweden,2019,136,62,15
MEX,Mexico,Inflows of foreign population by nationality,Male,SWE,Sweden,2020,78,62,15
MEX,Mexico,Inflows of foreign population by nationality,Male,CHE,Switzerland,2010,254,47,8
MEX,Mexico,Inflows of foreign population by nationality,Male,CHE,Switzerland,2011,246,47,8
MEX,Mexico,Inflows of foreign population by nationality,Male,CHE,Switzerland,2012,221,47,8
MEX,Mexico,Inflows of foreign population by nationality,Male,CHE,Switzerland,2013,196,47,8
MEX,Mexico,Inflows of foreign population by nationality,Male,CHE,Switzerland,2014,188,47,8
MEX,Mexico,Inflows of foreign population by nationality,Male,CHE,Switzerland,2015,189,47,8
MEX,Mexico,Inflows of foreign population by nationality,Male,CHE,Switzerland,2016,202,47,8
MEX,Mexico,Inflows of foreign population by nationality,Male,CHE,Switzerland,2017,202,47,8
MEX,Mexico,Inflows of foreign population by nationality,Male,CHE,Switzerland,2018,205,47,8
MEX,Mexico,Inflows of foreign population by nationality,Male,CHE,Switzerland,2019,212,47,8
MEX,Mexico,Inflows of foreign population by nationality,Male,CHE,Switzerland,2020,183,47,8
MEX,Mexico,Inflows of foreign population by nationality,Male,TUR,Türkiye,2010,11,39,35
MEX,Mexico,Inflows of foreign population by nationality,Male,TUR,Türkiye,2016,50,39,35
MEX,Mexico,Inflows of foreign population by nationality,Male,TUR,Türkiye,2017,47,39,35
MEX,Mexico,Inflows of foreign population by nationality,Male,TUR,Türkiye,2018,52,39,35
MEX,Mexico,Inflows of foreign population by nationality,Male,TUR,Türkiye,2019,69,39,35
MEX,Mexico,Inflows of foreign population by nationality,Male,GBR,United Kingdom,2000,871,54,-2
MEX,Mexico,Inflows of foreign population by nationality,Male,GBR,United Kingdom,2001,609,54,-2
MEX,Mexico,Inflows of foreign population by nationality,Male,GBR,United Kingdom,2012,1000,54,-2
MEX,Mexico,Inflows of foreign population by nationality,Male,GBR,United Kingdom,2013,1000,54,-2
MEX,Mexico,Inflows of foreign population by nationality,Male,GBR,United Kingdom,2014,2000,54,-2
MEX,Mexico,Inflows of foreign population by nationality,Male,GBR,United Kingdom,2015,4000,54,-2
MEX,Mexico,Inflows of foreign population by nationality,Male,USA,United States,2000,173493,38,-97
MEX,Mexico,Inflows of foreign population by nationality,Male,USA,United States,2001,205560,38,-97
MEX,Mexico,Inflows of foreign population by nationality,Male,USA,United States,2002,96957,38,-97
MEX,Mexico,Inflows of foreign population by nationality,Male,USA,United States,2003,50637,38,-97
MEX,Mexico,Inflows of foreign population by nationality,Male,USA,United States,2004,75660,38,-97
MEX,Mexico,Inflows of foreign population by nationality,Male,USA,United States,2005,67174,38,-97
MEX,Mexico,Inflows of foreign population by nationality,Male,USA,United States,2006,70675,38,-97
MEX,Mexico,Inflows of foreign population by nationality,Male,USA,United States,2007,62893,38,-97
MEX,Mexico,Inflows of foreign population by nationality,Male,USA,United States,2008,77055,38,-97
MEX,Mexico,Inflows of foreign population by nationality,Male,USA,United States,2009,68870,38,-97
MEX,Mexico,Inflows of foreign population by nationality,Male,USA,United States,2010,60005,38,-97
MEX,Mexico,Inflows of foreign population by nationality,Male,USA,United States,2011,61066,38,-97
MEX,Mexico,Inflows of foreign population by nationality,Male,USA,United States,2012,63670,38,-97
MEX,Mexico,Inflows of foreign population by nationality,Male,USA,United States,2013,63568,38,-97
MEX,Mexico,Inflows of foreign population by nationality,Male,USA,United States,2014,58424,38,-97
MEX,Mexico,Inflows of foreign population by nationality,Male,USA,United States,2015,71033,38,-97
MEX,Mexico,Inflows of foreign population by nationality,Male,USA,United States,2016,77715,38,-97
MEX,Mexico,Inflows of foreign population by nationality,Male,USA,United States,2017,78742,38,-97
MEX,Mexico,Inflows of foreign population by nationality,Male,USA,United States,2018,76232,38,-97
MEX,Mexico,Inflows of foreign population by nationality,Male,USA,United States,2019,70230,38,-97
MEX,Mexico,Inflows of foreign population by nationality,Male,USA,United States,2020,45743,38,-97
MEX,Mexico,Inflows of foreign population by nationality,Male,CHL,Chile,2000,259,-30,-71
MEX,Mexico,Inflows of foreign population by nationality,Male,CHL,Chile,2001,310,-30,-71
MEX,Mexico,Inflows of foreign population by nationality,Male,CHL,Chile,2002,276,-30,-71
MEX,Mexico,Inflows of foreign population by nationality,Male,CHL,Chile,2003,320,-30,-71
MEX,Mexico,Inflows of foreign population by nationality,Male,CHL,Chile,2004,326,-30,-71
MEX,Mexico,Inflows of foreign population by nationality,Male,CHL,Chile,2005,217,-30,-71
MEX,Mexico,Inflows of foreign population by nationality,Male,CHL,Chile,2006,207,-30,-71
MEX,Mexico,Inflows of foreign population by nationality,Male,CHL,Chile,2007,254,-30,-71
MEX,Mexico,Inflows of foreign population by nationality,Male,CHL,Chile,2008,289,-30,-71
MEX,Mexico,Inflows of foreign population by nationality,Male,CHL,Chile,2009,271,-30,-71
MEX,Mexico,Inflows of foreign population by nationality,Male,CHL,Chile,2010,278,-30,-71
MEX,Mexico,Inflows of foreign population by nationality,Male,CHL,Chile,2011,328,-30,-71
MEX,Mexico,Inflows of foreign population by nationality,Male,CHL,Chile,2012,442,-30,-71
MEX,Mexico,Inflows of foreign population by nationality,Male,CHL,Chile,2013,357,-30,-71
MEX,Mexico,Inflows of foreign population by nationality,Male,CHL,Chile,2014,357,-30,-71
MEX,Mexico,Inflows of foreign population by nationality,Male,CHL,Chile,2015,374,-30,-71
MEX,Mexico,Inflows of foreign population by nationality,Male,CHL,Chile,2016,380,-30,-71
MEX,Mexico,Inflows of foreign population by nationality,Male,CHL,Chile,2017,694,-30,-71
MEX,Mexico,Inflows of foreign population by nationality,Male,CHL,Chile,2018,558,-30,-71
MEX,Mexico,Inflows of foreign population by nationality,Male,CHL,Chile,2019,543,-30,-71
MEX,Mexico,Inflows of foreign population by nationality,Male,CHL,Chile,2020,470,-30,-71
MEX,Mexico,Inflows of foreign population by nationality,Male,EST,Estonia,2004,0,59,26
MEX,Mexico,Inflows of foreign population by nationality,Male,EST,Estonia,2005,1,59,26
MEX,Mexico,Inflows of foreign population by nationality,Male,EST,Estonia,2006,1,59,26
MEX,Mexico,Inflows of foreign population by nationality,Male,EST,Estonia,2007,0,59,26
MEX,Mexico,Inflows of foreign population by nationality,Male,EST,Estonia,2008,1,59,26
MEX,Mexico,Inflows of foreign population by nationality,Male,EST,Estonia,2009,5,59,26
MEX,Mexico,Inflows of foreign population by nationality,Male,EST,Estonia,2010,1,59,26
MEX,Mexico,Inflows of foreign population by nationality,Male,EST,Estonia,2011,2,59,26
MEX,Mexico,Inflows of foreign population by nationality,Male,EST,Estonia,2012,8,59,26
MEX,Mexico,Inflows of foreign population by nationality,Male,EST,Estonia,2013,7,59,26
MEX,Mexico,Inflows of foreign population by nationality,Male,EST,Estonia,2014,5,59,26
MEX,Mexico,Inflows of foreign population by nationality,Male,EST,Estonia,2015,7,59,26
MEX,Mexico,Inflows of foreign population by nationality,Male,EST,Estonia,2016,14,59,26
MEX,Mexico,Inflows of foreign population by nationality,Male,EST,Estonia,2017,16,59,26
MEX,Mexico,Inflows of foreign population by nationality,Male,EST,Estonia,2018,14,59,26
MEX,Mexico,Inflows of foreign population by nationality,Male,EST,Estonia,2019,18,59,26
MEX,Mexico,Inflows of foreign population by nationality,Male,ISR,Israel,2000,37,31.5,34.75
MEX,Mexico,Inflows of foreign population by nationality,Male,ISR,Israel,2001,31,31.5,34.75
MEX,Mexico,Inflows of foreign population by nationality,Male,ISR,Israel,2002,15,31.5,34.75
MEX,Mexico,Inflows of foreign population by nationality,Male,ISR,Israel,2003,35,31.5,34.75
MEX,Mexico,Inflows of foreign population by nationality,Male,ISR,Israel,2004,23,31.5,34.75
MEX,Mexico,Inflows of foreign population by nationality,Male,ISR,Israel,2005,34,31.5,34.75
MEX,Mexico,Inflows of foreign population by nationality,Male,ISR,Israel,2006,34,31.5,34.75
MEX,Mexico,Inflows of foreign population by nationality,Male,ISR,Israel,2007,31,31.5,34.75
MEX,Mexico,Inflows of foreign population by nationality,Male,ISR,Israel,2008,37,31.5,34.75
MEX,Mexico,Inflows of foreign population by nationality,Male,ISR,Israel,2009,62,31.5,34.75
MEX,Mexico,Inflows of foreign population by nationality,Male,ISR,Israel,2010,67,31.5,34.75
MEX,Mexico,Inflows of foreign population by nationality,Male,ISR,Israel,2011,35,31.5,34.75
MEX,Mexico,Inflows of foreign population by nationality,Male,ISR,Israel,2012,32,31.5,34.75
MEX,Mexico,Inflows of foreign population by nationality,Male,ISR,Israel,2013,36,31.5,34.75
MEX,Mexico,Inflows of foreign population by nationality,Male,ISR,Israel,2014,30,31.5,34.75
MEX,Mexico,Inflows of foreign population by nationality,Male,ISR,Israel,2015,28,31.5,34.75
MEX,Mexico,Inflows of foreign population by nationality,Male,ISR,Israel,2016,44,31.5,34.75
MEX,Mexico,Inflows of foreign population by nationality,Male,ISR,Israel,2017,39,31.5,34.75
MEX,Mexico,Inflows of foreign population by nationality,Male,ISR,Israel,2018,43,31.5,34.75
MEX,Mexico,Inflows of foreign population by nationality,Male,ISR,Israel,2019,63,31.5,34.75
MEX,Mexico,Inflows of foreign population by nationality,Male,ISR,Israel,2020,86,31.5,34.75
MEX,Mexico,Inflows of foreign population by nationality,Male,SVN,Slovenia,2007,2,46,15
MEX,Mexico,Inflows of foreign population by nationality,Male,SVN,Slovenia,2008,2,46,15
MEX,Mexico,Inflows of foreign population by nationality,Male,SVN,Slovenia,2009,5,46,15
MEX,Mexico,Inflows of foreign population by nationality,Male,SVN,Slovenia,2010,8,46,15
MEX,Mexico,Inflows of foreign population by nationality,Male,SVN,Slovenia,2011,5,46,15
MEX,Mexico,Inflows of foreign population by nationality,Male,SVN,Slovenia,2012,6,46,15
MEX,Mexico,Inflows of foreign population by nationality,Male,SVN,Slovenia,2013,7,46,15
MEX,Mexico,Inflows of foreign population by nationality,Male,SVN,Slovenia,2014,4,46,15
MEX,Mexico,Inflows of foreign population by nationality,Male,SVN,Slovenia,2015,4,46,15
MEX,Mexico,Inflows of foreign population by nationality,Male,SVN,Slovenia,2016,4,46,15
MEX,Mexico,Inflows of foreign population by nationality,Male,SVN,Slovenia,2017,4,46,15
MEX,Mexico,Inflows of foreign population by nationality,Male,SVN,Slovenia,2018,4,46,15
MEX,Mexico,Inflows of foreign population by nationality,Male,SVN,Slovenia,2019,6,46,15
MEX,Mexico,Inflows of foreign population by nationality,Male,SVN,Slovenia,2020,6,46,15
MEX,Mexico,Inflows of foreign population by nationality,Male,LVA,Latvia,2005,1,57,25
MEX,Mexico,Inflows of foreign population by nationality,Male,LVA,Latvia,2008,1,57,25
MEX,Mexico,Inflows of foreign population by nationality,Male,LVA,Latvia,2009,8,57,25
MEX,Mexico,Inflows of foreign population by nationality,Male,LVA,Latvia,2010,8,57,25
MEX,Mexico,Inflows of foreign population by nationality,Male,LVA,Latvia,2014,2,57,25
MEX,Mexico,Inflows of foreign population by nationality,Male,LVA,Latvia,2017,0,57,25
MEX,Mexico,Inflows of foreign population by nationality,Male,LVA,Latvia,2018,6,57,25
MEX,Mexico,Inflows of foreign population by nationality,Male,LVA,Latvia,2019,4,57,25
MEX,Mexico,Inflows of foreign population by nationality,Male,LVA,Latvia,2020,4,57,25
MEX,Mexico,Inflows of foreign population by nationality,Women,AUS,Australia,2000,28,-27,133
MEX,Mexico,Inflows of foreign population by nationality,Women,AUS,Australia,2001,25,-27,133
MEX,Mexico,Inflows of foreign population by nationality,Women,AUS,Australia,2002,37,-27,133
MEX,Mexico,Inflows of foreign population by nationality,Women,AUS,Australia,2003,42,-27,133
MEX,Mexico,Inflows of foreign population by nationality,Women,AUS,Australia,2004,38,-27,133
MEX,Mexico,Inflows of foreign population by nationality,Women,AUS,Australia,2005,52,-27,133
MEX,Mexico,Inflows of foreign population by nationality,Women,AUS,Australia,2006,91,-27,133
MEX,Mexico,Inflows of foreign population by nationality,Women,AUS,Australia,2007,91,-27,133
MEX,Mexico,Inflows of foreign population by nationality,Women,AUS,Australia,2008,148,-27,133
MEX,Mexico,Inflows of foreign population by nationality,Women,AUS,Australia,2009,150,-27,133
MEX,Mexico,Inflows of foreign population by nationality,Women,AUS,Australia,2010,148,-27,133
MEX,Mexico,Inflows of foreign population by nationality,Women,AUS,Australia,2011,126,-27,133
MEX,Mexico,Inflows of foreign population by nationality,Women,AUS,Australia,2012,160,-27,133
MEX,Mexico,Inflows of foreign population by nationality,Women,AUS,Australia,2013,147,-27,133
MEX,Mexico,Inflows of foreign population by nationality,Women,AUS,Australia,2014,133,-27,133
MEX,Mexico,Inflows of foreign population by nationality,Women,AUS,Australia,2015,145,-27,133
MEX,Mexico,Inflows of foreign population by nationality,Women,AUS,Australia,2016,142,-27,133
MEX,Mexico,Inflows of foreign population by nationality,Women,AUS,Australia,2017,162,-27,133
MEX,Mexico,Inflows of foreign population by nationality,Women,AUS,Australia,2018,134,-27,133
MEX,Mexico,Inflows of foreign population by nationality,Women,AUS,Australia,2019,157,-27,133
MEX,Mexico,Inflows of foreign population by nationality,Women,AUS,Australia,2020,160,-27,133
MEX,Mexico,Inflows of foreign population by nationality,Women,AUT,Austria,2000,68,47.3333,13.3333
MEX,Mexico,Inflows of foreign population by nationality,Women,AUT,Austria,2001,54,47.3333,13.3333
MEX,Mexico,Inflows of foreign population by nationality,Women,AUT,Austria,2002,54,47.3333,13.3333
MEX,Mexico,Inflows of foreign population by nationality,Women,AUT,Austria,2003,49,47.3333,13.3333
MEX,Mexico,Inflows of foreign population by nationality,Women,AUT,Austria,2004,75,47.3333,13.3333
MEX,Mexico,Inflows of foreign population by nationality,Women,AUT,Austria,2005,70,47.3333,13.3333
MEX,Mexico,Inflows of foreign population by nationality,Women,AUT,Austria,2006,72,47.3333,13.3333
MEX,Mexico,Inflows of foreign population by nationality,Women,AUT,Austria,2007,88,47.3333,13.3333
MEX,Mexico,Inflows of foreign population by nationality,Women,AUT,Austria,2008,95,47.3333,13.3333
MEX,Mexico,Inflows of foreign population by nationality,Women,AUT,Austria,2009,116,47.3333,13.3333
MEX,Mexico,Inflows of foreign population by nationality,Women,AUT,Austria,2010,102,47.3333,13.3333
MEX,Mexico,Inflows of foreign population by nationality,Women,AUT,Austria,2011,147,47.3333,13.3333
MEX,Mexico,Inflows of foreign population by nationality,Women,AUT,Austria,2012,115,47.3333,13.3333
MEX,Mexico,Inflows of foreign population by nationality,Women,AUT,Austria,2013,136,47.3333,13.3333
MEX,Mexico,Inflows of foreign population by nationality,Women,AUT,Austria,2014,139,47.3333,13.3333
MEX,Mexico,Inflows of foreign population by nationality,Women,AUT,Austria,2015,179,47.3333,13.3333
MEX,Mexico,Inflows of foreign population by nationality,Women,AUT,Austria,2016,190,47.3333,13.3333
MEX,Mexico,Inflows of foreign population by nationality,Women,AUT,Austria,2017,196,47.3333,13.3333
MEX,Mexico,Inflows of foreign population by nationality,Women,AUT,Austria,2018,195,47.3333,13.3333
MEX,Mexico,Inflows of foreign population by nationality,Women,AUT,Austria,2019,211,47.3333,13.3333
MEX,Mexico,Inflows of foreign population by nationality,Women,AUT,Austria,2020,173,47.3333,13.3333
MEX,Mexico,Inflows of foreign population by nationality,Women,BEL,Belgium,2008,150,50.8333,4
MEX,Mexico,Inflows of foreign population by nationality,Women,BEL,Belgium,2009,149,50.8333,4
MEX,Mexico,Inflows of foreign population by nationality,Women,BEL,Belgium,2010,108,50.8333,4
MEX,Mexico,Inflows of foreign population by nationality,Women,BEL,Belgium,2011,160,50.8333,4
MEX,Mexico,Inflows of foreign population by nationality,Women,BEL,Belgium,2012,172,50.8333,4
MEX,Mexico,Inflows of foreign population by nationality,Women,BEL,Belgium,2013,156,50.8333,4
MEX,Mexico,Inflows of foreign population by nationality,Women,BEL,Belgium,2014,129,50.8333,4
MEX,Mexico,Inflows of foreign population by nationality,Women,BEL,Belgium,2015,132,50.8333,4
MEX,Mexico,Inflows of foreign population by nationality,Women,BEL,Belgium,2016,157,50.8333,4
MEX,Mexico,Inflows of foreign population by nationality,Women,BEL,Belgium,2017,192,50.8333,4
MEX,Mexico,Inflows of foreign population by nationality,Women,BEL,Belgium,2018,239,50.8333,4
MEX,Mexico,Inflows of foreign population by nationality,Women,BEL,Belgium,2019,203,50.8333,4
MEX,Mexico,Inflows of foreign population by nationality,Women,BEL,Belgium,2020,117,50.8333,4
MEX,Mexico,Inflows of foreign population by nationality,Women,CAN,Canada,2000,900,60,-95
MEX,Mexico,Inflows of foreign population by nationality,Women,CAN,Canada,2001,1060,60,-95
MEX,Mexico,Inflows of foreign population by nationality,Women,CAN,Canada,2002,1009,60,-95
MEX,Mexico,Inflows of foreign population by nationality,Women,CAN,Canada,2003,979,60,-95
MEX,Mexico,Inflows of foreign population by nationality,Women,CAN,Canada,2004,1230,60,-95
MEX,Mexico,Inflows of foreign population by nationality,Women,CAN,Canada,2005,1499,60,-95
MEX,Mexico,Inflows of foreign population by nationality,Women,CAN,Canada,2006,1512,60,-95
MEX,Mexico,Inflows of foreign population by nationality,Women,CAN,Canada,2007,1671,60,-95
MEX,Mexico,Inflows of foreign population by nationality,Women,CAN,Canada,2008,1532,60,-95
MEX,Mexico,Inflows of foreign population by nationality,Women,CAN,Canada,2009,1651,60,-95
MEX,Mexico,Inflows of foreign population by nationality,Women,CAN,Canada,2010,2025,60,-95
MEX,Mexico,Inflows of foreign population by nationality,Women,CAN,Canada,2011,2046,60,-95
MEX,Mexico,Inflows of foreign population by nationality,Women,CAN,Canada,2012,2154,60,-95
MEX,Mexico,Inflows of foreign population by nationality,Women,CAN,Canada,2013,2034,60,-95
MEX,Mexico,Inflows of foreign population by nationality,Women,CAN,Canada,2014,2211,60,-95
MEX,Mexico,Inflows of foreign population by nationality,Women,CAN,Canada,2015,1626,60,-95
MEX,Mexico,Inflows of foreign population by nationality,Women,CAN,Canada,2016,1695,60,-95
MEX,Mexico,Inflows of foreign population by nationality,Women,CAN,Canada,2017,1605,60,-95
MEX,Mexico,Inflows of foreign population by nationality,Women,CAN,Canada,2018,1685,60,-95
MEX,Mexico,Inflows of foreign population by nationality,Women,CAN,Canada,2019,1815,60,-95
MEX,Mexico,Inflows of foreign population by nationality,Women,CZE,Czech Republic,2003,7,49.75,15.5
MEX,Mexico,Inflows of foreign population by nationality,Women,CZE,Czech Republic,2004,8,49.75,15.5
MEX,Mexico,Inflows of foreign population by nationality,Women,CZE,Czech Republic,2005,11,49.75,15.5
MEX,Mexico,Inflows of foreign population by nationality,Women,CZE,Czech Republic,2006,25,49.75,15.5
MEX,Mexico,Inflows of foreign population by nationality,Women,CZE,Czech Republic,2007,38,49.75,15.5
MEX,Mexico,Inflows of foreign population by nationality,Women,CZE,Czech Republic,2008,39,49.75,15.5
MEX,Mexico,Inflows of foreign population by nationality,Women,CZE,Czech Republic,2009,41,49.75,15.5
MEX,Mexico,Inflows of foreign population by nationality,Women,CZE,Czech Republic,2010,38,49.75,15.5
MEX,Mexico,Inflows of foreign population by nationality,Women,CZE,Czech Republic,2011,28,49.75,15.5
MEX,Mexico,Inflows of foreign population by nationality,Women,CZE,Czech Republic,2012,22,49.75,15.5
MEX,Mexico,Inflows of foreign population by nationality,Women,CZE,Czech Republic,2013,23,49.75,15.5
MEX,Mexico,Inflows of foreign population by nationality,Women,CZE,Czech Republic,2014,51,49.75,15.5
MEX,Mexico,Inflows of foreign population by nationality,Women,CZE,Czech Republic,2015,56,49.75,15.5
MEX,Mexico,Inflows of foreign population by nationality,Women,CZE,Czech Republic,2016,43,49.75,15.5
MEX,Mexico,Inflows of foreign population by nationality,Women,CZE,Czech Republic,2017,65,49.75,15.5
MEX,Mexico,Inflows of foreign population by nationality,Women,CZE,Czech Republic,2018,64,49.75,15.5
MEX,Mexico,Inflows of foreign population by nationality,Women,CZE,Czech Republic,2019,89,49.75,15.5
MEX,Mexico,Inflows of foreign population by nationality,Women,CZE,Czech Republic,2020,60,49.75,15.5
MEX,Mexico,Inflows of foreign population by nationality,Women,DNK,Denmark,2007,47,56,10
MEX,Mexico,Inflows of foreign population by nationality,Women,DNK,Denmark,2008,36,56,10
MEX,Mexico,Inflows of foreign population by nationality,Women,DNK,Denmark,2009,55,56,10
MEX,Mexico,Inflows of foreign population by nationality,Women,DNK,Denmark,2010,44,56,10
MEX,Mexico,Inflows of foreign population by nationality,Women,DNK,Denmark,2011,41,56,10
MEX,Mexico,Inflows of foreign population by nationality,Women,DNK,Denmark,2012,61,56,10
MEX,Mexico,Inflows of foreign population by nationality,Women,DNK,Denmark,2013,55,56,10
MEX,Mexico,Inflows of foreign population by nationality,Women,DNK,Denmark,2014,69,56,10
MEX,Mexico,Inflows of foreign population by nationality,Women,DNK,Denmark,2015,59,56,10
MEX,Mexico,Inflows of foreign population by nationality,Women,DNK,Denmark,2016,77,56,10
MEX,Mexico,Inflows of foreign population by nationality,Women,DNK,Denmark,2017,79,56,10
MEX,Mexico,Inflows of foreign population by nationality,Women,DNK,Denmark,2018,84,56,10
MEX,Mexico,Inflows of foreign population by nationality,Women,DNK,Denmark,2019,87,56,10
MEX,Mexico,Inflows of foreign population by nationality,Women,DNK,Denmark,2020,58,56,10
MEX,Mexico,Inflows of foreign population by nationality,Women,FIN,Finland,2000,7,64,26
MEX,Mexico,Inflows of foreign population by nationality,Women,FIN,Finland,2001,7,64,26
MEX,Mexico,Inflows of foreign population by nationality,Women,FIN,Finland,2002,8,64,26
MEX,Mexico,Inflows of foreign population by nationality,Women,FIN,Finland,2003,11,64,26
MEX,Mexico,Inflows of foreign population by nationality,Women,FIN,Finland,2004,14,64,26
MEX,Mexico,Inflows of foreign population by nationality,Women,FIN,Finland,2005,15,64,26
MEX,Mexico,Inflows of foreign population by nationality,Women,FIN,Finland,2006,20,64,26
MEX,Mexico,Inflows of foreign population by nationality,Women,FIN,Finland,2007,24,64,26
MEX,Mexico,Inflows of foreign population by nationality,Women,FIN,Finland,2008,21,64,26
MEX,Mexico,Inflows of foreign population by nationality,Women,FIN,Finland,2009,15,64,26
MEX,Mexico,Inflows of foreign population by nationality,Women,FIN,Finland,2010,23,64,26
MEX,Mexico,Inflows of foreign population by nationality,Women,FIN,Finland,2011,35,64,26
MEX,Mexico,Inflows of foreign population by nationality,Women,FIN,Finland,2012,24,64,26
MEX,Mexico,Inflows of foreign population by nationality,Women,FIN,Finland,2013,29,64,26
MEX,Mexico,Inflows of foreign population by nationality,Women,FIN,Finland,2014,20,64,26
MEX,Mexico,Inflows of foreign population by nationality,Women,FIN,Finland,2015,33,64,26
MEX,Mexico,Inflows of foreign population by nationality,Women,FIN,Finland,2016,37,64,26
MEX,Mexico,Inflows of foreign population by nationality,Women,FIN,Finland,2017,39,64,26
MEX,Mexico,Inflows of foreign population by nationality,Women,FIN,Finland,2018,32,64,26
MEX,Mexico,Inflows of foreign population by nationality,Women,FIN,Finland,2019,46,64,26
MEX,Mexico,Inflows of foreign population by nationality,Women,FIN,Finland,2020,36,64,26
MEX,Mexico,Inflows of foreign population by nationality,Women,FRA,France,2006,367,46,2
MEX,Mexico,Inflows of foreign population by nationality,Women,FRA,France,2007,340,46,2
MEX,Mexico,Inflows of foreign population by nationality,Women,FRA,France,2008,358,46,2
MEX,Mexico,Inflows of foreign population by nationality,Women,FRA,France,2009,496,46,2
MEX,Mexico,Inflows of foreign population by nationality,Women,FRA,France,2010,554,46,2
MEX,Mexico,Inflows of foreign population by nationality,Women,FRA,France,2011,479,46,2
MEX,Mexico,Inflows of foreign population by nationality,Women,FRA,France,2012,475,46,2
MEX,Mexico,Inflows of foreign population by nationality,Women,FRA,France,2013,480,46,2
MEX,Mexico,Inflows of foreign population by nationality,Women,FRA,France,2014,520,46,2
MEX,Mexico,Inflows of foreign population by nationality,Women,FRA,France,2015,553,46,2
MEX,Mexico,Inflows of foreign population by nationality,Women,FRA,France,2016,562,46,2
MEX,Mexico,Inflows of foreign population by nationality,Women,FRA,France,2017,538,46,2
MEX,Mexico,Inflows of foreign population by nationality,Women,FRA,France,2018,538,46,2
MEX,Mexico,Inflows of foreign population by nationality,Women,FRA,France,2019,863,46,2
MEX,Mexico,Inflows of foreign population by nationality,Women,FRA,France,2020,455,46,2
MEX,Mexico,Inflows of foreign population by nationality,Women,DEU,Germany,2002,1004,51,9
MEX,Mexico,Inflows of foreign population by nationality,Women,DEU,Germany,2003,1036,51,9
MEX,Mexico,Inflows of foreign population by nationality,Women,DEU,Germany,2004,1022,51,9
MEX,Mexico,Inflows of foreign population by nationality,Women,DEU,Germany,2005,1096,51,9
MEX,Mexico,Inflows of foreign population by nationality,Women,DEU,Germany,2006,1271,51,9
MEX,Mexico,Inflows of foreign population by nationality,Women,DEU,Germany,2007,1249,51,9
MEX,Mexico,Inflows of foreign population by nationality,Women,DEU,Germany,2008,1330,51,9
MEX,Mexico,Inflows of foreign population by nationality,Women,DEU,Germany,2009,1383,51,9
MEX,Mexico,Inflows of foreign population by nationality,Women,DEU,Germany,2010,1435,51,9
MEX,Mexico,Inflows of foreign population by nationality,Women,DEU,Germany,2011,1635,51,9
MEX,Mexico,Inflows of foreign population by nationality,Women,DEU,Germany,2012,1651,51,9
MEX,Mexico,Inflows of foreign population by nationality,Women,DEU,Germany,2013,1710,51,9
MEX,Mexico,Inflows of foreign population by nationality,Women,DEU,Germany,2014,2084,51,9
MEX,Mexico,Inflows of foreign population by nationality,Women,DEU,Germany,2015,2147,51,9
MEX,Mexico,Inflows of foreign population by nationality,Women,DEU,Germany,2016,2180,51,9
MEX,Mexico,Inflows of foreign population by nationality,Women,DEU,Germany,2017,2419,51,9
MEX,Mexico,Inflows of foreign population by nationality,Women,DEU,Germany,2018,2558,51,9
MEX,Mexico,Inflows of foreign population by nationality,Women,DEU,Germany,2019,2652,51,9
MEX,Mexico,Inflows of foreign population by nationality,Women,DEU,Germany,2020,1418,51,9
MEX,Mexico,Inflows of foreign population by nationality,Women,HUN,Hungary,2008,36,47,20
MEX,Mexico,Inflows of foreign population by nationality,Women,HUN,Hungary,2009,44,47,20
MEX,Mexico,Inflows of foreign population by nationality,Women,HUN,Hungary,2010,44,47,20
MEX,Mexico,Inflows of foreign population by nationality,Women,HUN,Hungary,2011,54,47,20
MEX,Mexico,Inflows of foreign population by nationality,Women,HUN,Hungary,2012,54,47,20
MEX,Mexico,Inflows of foreign population by nationality,Women,HUN,Hungary,2013,29,47,20
MEX,Mexico,Inflows of foreign population by nationality,Women,HUN,Hungary,2014,38,47,20
MEX,Mexico,Inflows of foreign population by nationality,Women,HUN,Hungary,2015,61,47,20
MEX,Mexico,Inflows of foreign population by nationality,Women,HUN,Hungary,2016,67,47,20
MEX,Mexico,Inflows of foreign population by nationality,Women,HUN,Hungary,2017,66,47,20
MEX,Mexico,Inflows of foreign population by nationality,Women,HUN,Hungary,2018,80,47,20
MEX,Mexico,Inflows of foreign population by nationality,Women,HUN,Hungary,2019,106,47,20
MEX,Mexico,Inflows of foreign population by nationality,Women,HUN,Hungary,2020,57,47,20
MEX,Mexico,Inflows of foreign population by nationality,Women,ISL,Iceland,2000,5,65,-18
MEX,Mexico,Inflows of foreign population by nationality,Women,ISL,Iceland,2001,6,65,-18
MEX,Mexico,Inflows of foreign population by nationality,Women,ISL,Iceland,2002,4,65,-18
MEX,Mexico,Inflows of foreign population by nationality,Women,ISL,Iceland,2003,1,65,-18
MEX,Mexico,Inflows of foreign population by nationality,Women,ISL,Iceland,2004,2,65,-18
MEX,Mexico,Inflows of foreign population by nationality,Women,ISL,Iceland,2005,5,65,-18
MEX,Mexico,Inflows of foreign population by nationality,Women,ISL,Iceland,2006,6,65,-18
MEX,Mexico,Inflows of foreign population by nationality,Women,ISL,Iceland,2007,2,65,-18
MEX,Mexico,Inflows of foreign population by nationality,Women,ISL,Iceland,2008,5,65,-18
MEX,Mexico,Inflows of foreign population by nationality,Women,ISL,Iceland,2009,9,65,-18
MEX,Mexico,Inflows of foreign population by nationality,Women,ISL,Iceland,2010,5,65,-18
MEX,Mexico,Inflows of foreign population by nationality,Women,ISL,Iceland,2011,6,65,-18
MEX,Mexico,Inflows of foreign population by nationality,Women,ISL,Iceland,2012,7,65,-18
MEX,Mexico,Inflows of foreign population by nationality,Women,ISL,Iceland,2013,3,65,-18
MEX,Mexico,Inflows of foreign population by nationality,Women,ISL,Iceland,2014,3,65,-18
MEX,Mexico,Inflows of foreign population by nationality,Women,ISL,Iceland,2015,8,65,-18
MEX,Mexico,Inflows of foreign population by nationality,Women,ISL,Iceland,2016,16,65,-18
MEX,Mexico,Inflows of foreign population by nationality,Women,ISL,Iceland,2017,11,65,-18
MEX,Mexico,Inflows of foreign population by nationality,Women,ISL,Iceland,2018,10,65,-18
MEX,Mexico,Inflows of foreign population by nationality,Women,ISL,Iceland,2019,10,65,-18
MEX,Mexico,Inflows of foreign population by nationality,Women,ISL,Iceland,2020,12,65,-18
MEX,Mexico,Inflows of foreign population by nationality,Women,ITA,Italy,2000,213,42.8333,12.8333
MEX,Mexico,Inflows of foreign population by nationality,Women,ITA,Italy,2002,248,42.8333,12.8333
MEX,Mexico,Inflows of foreign population by nationality,Women,ITA,Italy,2003,280,42.8333,12.8333
MEX,Mexico,Inflows of foreign population by nationality,Women,ITA,Italy,2004,302,42.8333,12.8333
MEX,Mexico,Inflows of foreign population by nationality,Women,ITA,Italy,2005,275,42.8333,12.8333
MEX,Mexico,Inflows of foreign population by nationality,Women,ITA,Italy,2006,252,42.8333,12.8333
MEX,Mexico,Inflows of foreign population by nationality,Women,ITA,Italy,2007,267,42.8333,12.8333
MEX,Mexico,Inflows of foreign population by nationality,Women,ITA,Italy,2008,305,42.8333,12.8333
MEX,Mexico,Inflows of foreign population by nationality,Women,ITA,Italy,2009,335,42.8333,12.8333
MEX,Mexico,Inflows of foreign population by nationality,Women,ITA,Italy,2010,430,42.8333,12.8333
MEX,Mexico,Inflows of foreign population by nationality,Women,ITA,Italy,2011,377,42.8333,12.8333
MEX,Mexico,Inflows of foreign population by nationality,Women,ITA,Italy,2012,288,42.8333,12.8333
MEX,Mexico,Inflows of foreign population by nationality,Women,ITA,Italy,2013,301,42.8333,12.8333
MEX,Mexico,Inflows of foreign population by nationality,Women,ITA,Italy,2014,243,42.8333,12.8333
MEX,Mexico,Inflows of foreign population by nationality,Women,ITA,Italy,2015,282,42.8333,12.8333
MEX,Mexico,Inflows of foreign population by nationality,Women,ITA,Italy,2016,268,42.8333,12.8333
MEX,Mexico,Inflows of foreign population by nationality,Women,ITA,Italy,2017,296,42.8333,12.8333
MEX,Mexico,Inflows of foreign population by nationality,Women,ITA,Italy,2018,299,42.8333,12.8333
MEX,Mexico,Inflows of foreign population by nationality,Women,ITA,Italy,2019,347,42.8333,12.8333
MEX,Mexico,Inflows of foreign population by nationality,Women,ITA,Italy,2020,273,42.8333,12.8333
MEX,Mexico,Inflows of foreign population by nationality,Women,KOR,Korea,2000,74,37,127.5
MEX,Mexico,Inflows of foreign population by nationality,Women,KOR,Korea,2001,70,37,127.5
MEX,Mexico,Inflows of foreign population by nationality,Women,KOR,Korea,2002,97,37,127.5
MEX,Mexico,Inflows of foreign population by nationality,Women,KOR,Korea,2003,56,37,127.5
MEX,Mexico,Inflows of foreign population by nationality,Women,KOR,Korea,2004,89,37,127.5
MEX,Mexico,Inflows of foreign population by nationality,Women,KOR,Korea,2005,77,37,127.5
MEX,Mexico,Inflows of foreign population by nationality,Women,KOR,Korea,2006,90,37,127.5
MEX,Mexico,Inflows of foreign population by nationality,Women,KOR,Korea,2007,76,37,127.5
MEX,Mexico,Inflows of foreign population by nationality,Women,KOR,Korea,2008,88,37,127.5
MEX,Mexico,Inflows of foreign population by nationality,Women,KOR,Korea,2009,98,37,127.5
MEX,Mexico,Inflows of foreign population by nationality,Women,KOR,Korea,2010,140,37,127.5
MEX,Mexico,Inflows of foreign population by nationality,Women,KOR,Korea,2011,107,37,127.5
MEX,Mexico,Inflows of foreign population by nationality,Women,KOR,Korea,2012,124,37,127.5
MEX,Mexico,Inflows of foreign population by nationality,Women,KOR,Korea,2013,121,37,127.5
MEX,Mexico,Inflows of foreign population by nationality,Women,KOR,Korea,2014,149,37,127.5
MEX,Mexico,Inflows of foreign population by nationality,Women,KOR,Korea,2015,198,37,127.5
MEX,Mexico,Inflows of foreign population by nationality,Women,KOR,Korea,2016,213,37,127.5
MEX,Mexico,Inflows of foreign population by nationality,Women,KOR,Korea,2017,217,37,127.5
MEX,Mexico,Inflows of foreign population by nationality,Women,KOR,Korea,2018,253,37,127.5
MEX,Mexico,Inflows of foreign population by nationality,Women,KOR,Korea,2019,298,37,127.5
MEX,Mexico,Inflows of foreign population by nationality,Women,KOR,Korea,2020,223,37,127.5
MEX,Mexico,Inflows of foreign population by nationality,Women,LUX,Luxembourg,2006,11,49.75,6.1667
MEX,Mexico,Inflows of foreign population by nationality,Women,LUX,Luxembourg,2007,12,49.75,6.1667
MEX,Mexico,Inflows of foreign population by nationality,Women,LUX,Luxembourg,2008,16,49.75,6.1667
MEX,Mexico,Inflows of foreign population by nationality,Women,LUX,Luxembourg,2009,8,49.75,6.1667
MEX,Mexico,Inflows of foreign population by nationality,Women,LUX,Luxembourg,2010,10,49.75,6.1667
MEX,Mexico,Inflows of foreign population by nationality,Women,LUX,Luxembourg,2011,15,49.75,6.1667
MEX,Mexico,Inflows of foreign population by nationality,Women,LUX,Luxembourg,2012,11,49.75,6.1667
MEX,Mexico,Inflows of foreign population by nationality,Women,LUX,Luxembourg,2013,17,49.75,6.1667
MEX,Mexico,Inflows of foreign population by nationality,Women,LUX,Luxembourg,2014,11,49.75,6.1667
MEX,Mexico,Inflows of foreign population by nationality,Women,LUX,Luxembourg,2015,23,49.75,6.1667
MEX,Mexico,Inflows of foreign population by nationality,Women,LUX,Luxembourg,2016,27,49.75,6.1667
MEX,Mexico,Inflows of foreign population by nationality,Women,LUX,Luxembourg,2017,18,49.75,6.1667
MEX,Mexico,Inflows of foreign population by nationality,Women,LUX,Luxembourg,2018,22,49.75,6.1667
MEX,Mexico,Inflows of foreign population by nationality,Women,LUX,Luxembourg,2019,29,49.75,6.1667
MEX,Mexico,Inflows of foreign population by nationality,Women,LUX,Luxembourg,2020,24,49.75,6.1667
MEX,Mexico,Inflows of foreign population by nationality,Women,MEX,Mexico,2007,0,23,-102
MEX,Mexico,Inflows of foreign population by nationality,Women,MEX,Mexico,2011,0,23,-102
MEX,Mexico,Inflows of foreign population by nationality,Women,MEX,Mexico,2012,0,23,-102
MEX,Mexico,Inflows of foreign population by nationality,Women,MEX,Mexico,2013,0,23,-102
MEX,Mexico,Inflows of foreign population by nationality,Women,MEX,Mexico,2014,0,23,-102
MEX,Mexico,Inflows of foreign population by nationality,Women,NLD,Netherlands,2008,230,52.5,5.75
MEX,Mexico,Inflows of foreign population by nationality,Women,NLD,Netherlands,2009,218,52.5,5.75
MEX,Mexico,Inflows of foreign population by nationality,Women,NLD,Netherlands,2010,233,52.5,5.75
MEX,Mexico,Inflows of foreign population by nationality,Women,NLD,Netherlands,2011,238,52.5,5.75
MEX,Mexico,Inflows of foreign population by nationality,Women,NLD,Netherlands,2012,257,52.5,5.75
MEX,Mexico,Inflows of foreign population by nationality,Women,NLD,Netherlands,2013,271,52.5,5.75
MEX,Mexico,Inflows of foreign population by nationality,Women,NLD,Netherlands,2014,290,52.5,5.75
MEX,Mexico,Inflows of foreign population by nationality,Women,NLD,Netherlands,2015,353,52.5,5.75
MEX,Mexico,Inflows of foreign population by nationality,Women,NLD,Netherlands,2016,377,52.5,5.75
MEX,Mexico,Inflows of foreign population by nationality,Women,NLD,Netherlands,2017,402,52.5,5.75
MEX,Mexico,Inflows of foreign population by nationality,Women,NLD,Netherlands,2018,504,52.5,5.75
MEX,Mexico,Inflows of foreign population by nationality,Women,NLD,Netherlands,2019,513,52.5,5.75
MEX,Mexico,Inflows of foreign population by nationality,Women,NLD,Netherlands,2020,392,52.5,5.75
MEX,Mexico,Inflows of foreign population by nationality,Women,NZL,New Zealand,2000,5,-41,174
MEX,Mexico,Inflows of foreign population by nationality,Women,NZL,New Zealand,2001,50,-41,174
MEX,Mexico,Inflows of foreign population by nationality,Women,NZL,New Zealand,2002,55,-41,174
MEX,Mexico,Inflows of foreign population by nationality,Women,NZL,New Zealand,2003,89,-41,174
MEX,Mexico,Inflows of foreign population by nationality,Women,NZL,New Zealand,2004,62,-41,174
MEX,Mexico,Inflows of foreign population by nationality,Women,NZL,New Zealand,2005,72,-41,174
MEX,Mexico,Inflows of foreign population by nationality,Women,NZL,New Zealand,2006,51,-41,174
MEX,Mexico,Inflows of foreign population by nationality,Women,NZL,New Zealand,2007,57,-41,174
MEX,Mexico,Inflows of foreign population by nationality,Women,NZL,New Zealand,2008,62,-41,174
MEX,Mexico,Inflows of foreign population by nationality,Women,NZL,New Zealand,2009,81,-41,174
MEX,Mexico,Inflows of foreign population by nationality,Women,NZL,New Zealand,2010,70,-41,174
MEX,Mexico,Inflows of foreign population by nationality,Women,NZL,New Zealand,2011,91,-41,174
MEX,Mexico,Inflows of foreign population by nationality,Women,NZL,New Zealand,2012,106,-41,174
MEX,Mexico,Inflows of foreign population by nationality,Women,NZL,New Zealand,2013,96,-41,174
MEX,Mexico,Inflows of foreign population by nationality,Women,NZL,New Zealand,2014,102,-41,174
MEX,Mexico,Inflows of foreign population by nationality,Women,NZL,New Zealand,2015,121,-41,174
MEX,Mexico,Inflows of foreign population by nationality,Women,NZL,New Zealand,2016,113,-41,174
MEX,Mexico,Inflows of foreign population by nationality,Women,NZL,New Zealand,2017,96,-41,174
MEX,Mexico,Inflows of foreign population by nationality,Women,NZL,New Zealand,2018,136,-41,174
MEX,Mexico,Inflows of foreign population by nationality,Women,NZL,New Zealand,2019,148,-41,174
MEX,Mexico,Inflows of foreign population by nationality,Women,NZL,New Zealand,2020,77,-41,174
MEX,Mexico,Inflows of foreign population by nationality,Women,NOR,Norway,2000,42,62,10
MEX,Mexico,Inflows of foreign population by nationality,Women,NOR,Norway,2001,27,62,10
MEX,Mexico,Inflows of foreign population by nationality,Women,NOR,Norway,2002,34,62,10
MEX,Mexico,Inflows of foreign population by nationality,Women,NOR,Norway,2003,31,62,10
MEX,Mexico,Inflows of foreign population by nationality,Women,NOR,Norway,2004,35,62,10
MEX,Mexico,Inflows of foreign population by nationality,Women,NOR,Norway,2005,32,62,10
MEX,Mexico,Inflows of foreign population by nationality,Women,NOR,Norway,2006,43,62,10
MEX,Mexico,Inflows of foreign population by nationality,Women,NOR,Norway,2007,49,62,10
MEX,Mexico,Inflows of foreign population by nationality,Women,NOR,Norway,2008,54,62,10
MEX,Mexico,Inflows of foreign population by nationality,Women,NOR,Norway,2009,59,62,10
MEX,Mexico,Inflows of foreign population by nationality,Women,NOR,Norway,2010,55,62,10
MEX,Mexico,Inflows of foreign population by nationality,Women,NOR,Norway,2011,50,62,10
MEX,Mexico,Inflows of foreign population by nationality,Women,NOR,Norway,2012,70,62,10
MEX,Mexico,Inflows of foreign population by nationality,Women,NOR,Norway,2013,76,62,10
MEX,Mexico,Inflows of foreign population by nationality,Women,NOR,Norway,2014,52,62,10
MEX,Mexico,Inflows of foreign population by nationality,Women,NOR,Norway,2015,53,62,10
MEX,Mexico,Inflows of foreign population by nationality,Women,NOR,Norway,2016,58,62,10
MEX,Mexico,Inflows of foreign population by nationality,Women,NOR,Norway,2017,60,62,10
MEX,Mexico,Inflows of foreign population by nationality,Women,NOR,Norway,2018,71,62,10
MEX,Mexico,Inflows of foreign population by nationality,Women,NOR,Norway,2019,104,62,10
MEX,Mexico,Inflows of foreign population by nationality,Women,NOR,Norway,2020,55,62,10
MEX,Mexico,Inflows of foreign population by nationality,Women,POL,Poland,2013,51,52,20
MEX,Mexico,Inflows of foreign population by nationality,Women,POL,Poland,2014,28,52,20
MEX,Mexico,Inflows of foreign population by nationality,Women,POL,Poland,2015,56,52,20
MEX,Mexico,Inflows of foreign population by nationality,Women,POL,Poland,2016,44,52,20
MEX,Mexico,Inflows of foreign population by nationality,Women,POL,Poland,2017,47,52,20
MEX,Mexico,Inflows of foreign population by nationality,Women,POL,Poland,2018,71,52,20
MEX,Mexico,Inflows of foreign population by nationality,Women,POL,Poland,2019,85,52,20
MEX,Mexico,Inflows of foreign population by nationality,Women,POL,Poland,2020,96,52,20
MEX,Mexico,Inflows of foreign population by nationality,Women,SVK,Slovak Republic,2008,11,48.6667,19.5
MEX,Mexico,Inflows of foreign population by nationality,Women,SVK,Slovak Republic,2009,1,48.6667,19.5
MEX,Mexico,Inflows of foreign population by nationality,Women,SVK,Slovak Republic,2010,2,48.6667,19.5
MEX,Mexico,Inflows of foreign population by nationality,Women,SVK,Slovak Republic,2011,1,48.6667,19.5
MEX,Mexico,Inflows of foreign population by nationality,Women,SVK,Slovak Republic,2013,1,48.6667,19.5
MEX,Mexico,Inflows of foreign population by nationality,Women,SVK,Slovak Republic,2014,1,48.6667,19.5
MEX,Mexico,Inflows of foreign population by nationality,Women,SVK,Slovak Republic,2015,4,48.6667,19.5
MEX,Mexico,Inflows of foreign population by nationality,Women,SVK,Slovak Republic,2016,1,48.6667,19.5
MEX,Mexico,Inflows of foreign population by nationality,Women,SVK,Slovak Republic,2019,2,48.6667,19.5
MEX,Mexico,Inflows of foreign population by nationality,Women,SVK,Slovak Republic,2020,2,48.6667,19.5
MEX,Mexico,Inflows of foreign population by nationality,Women,ESP,Spain,2000,810,40,-4
MEX,Mexico,Inflows of foreign population by nationality,Women,ESP,Spain,2001,1032,40,-4
MEX,Mexico,Inflows of foreign population by nationality,Women,ESP,Spain,2002,1543,40,-4
MEX,Mexico,Inflows of foreign population by nationality,Women,ESP,Spain,2003,1497,40,-4
MEX,Mexico,Inflows of foreign population by nationality,Women,ESP,Spain,2004,2975,40,-4
MEX,Mexico,Inflows of foreign population by nationality,Women,ESP,Spain,2005,2982,40,-4
MEX,Mexico,Inflows of foreign population by nationality,Women,ESP,Spain,2006,3078,40,-4
MEX,Mexico,Inflows of foreign population by nationality,Women,ESP,Spain,2007,3224,40,-4
MEX,Mexico,Inflows of foreign population by nationality,Women,ESP,Spain,2008,2617,40,-4
MEX,Mexico,Inflows of foreign population by nationality,Women,ESP,Spain,2009,2176,40,-4
MEX,Mexico,Inflows of foreign population by nationality,Women,ESP,Spain,2010,2263,40,-4
MEX,Mexico,Inflows of foreign population by nationality,Women,ESP,Spain,2011,2675,40,-4
MEX,Mexico,Inflows of foreign population by nationality,Women,ESP,Spain,2012,2467,40,-4
MEX,Mexico,Inflows of foreign population by nationality,Women,ESP,Spain,2013,1927,40,-4
MEX,Mexico,Inflows of foreign population by nationality,Women,ESP,Spain,2014,2009,40,-4
MEX,Mexico,Inflows of foreign population by nationality,Women,ESP,Spain,2015,2324,40,-4
MEX,Mexico,Inflows of foreign population by nationality,Women,ESP,Spain,2016,2308,40,-4
MEX,Mexico,Inflows of foreign population by nationality,Women,ESP,Spain,2017,3033,40,-4
MEX,Mexico,Inflows of foreign population by nationality,Women,ESP,Spain,2018,3181,40,-4
MEX,Mexico,Inflows of foreign population by nationality,Women,ESP,Spain,2019,3601,40,-4
MEX,Mexico,Inflows of foreign population by nationality,Women,ESP,Spain,2020,2111,40,-4
MEX,Mexico,Inflows of foreign population by nationality,Women,SWE,Sweden,2000,67,62,15
MEX,Mexico,Inflows of foreign population by nationality,Women,SWE,Sweden,2001,61,62,15
MEX,Mexico,Inflows of foreign population by nationality,Women,SWE,Sweden,2002,54,62,15
MEX,Mexico,Inflows of foreign population by nationality,Women,SWE,Sweden,2003,71,62,15
MEX,Mexico,Inflows of foreign population by nationality,Women,SWE,Sweden,2004,67,62,15
MEX,Mexico,Inflows of foreign population by nationality,Women,SWE,Sweden,2005,56,62,15
MEX,Mexico,Inflows of foreign population by nationality,Women,SWE,Sweden,2006,73,62,15
MEX,Mexico,Inflows of foreign population by nationality,Women,SWE,Sweden,2007,67,62,15
MEX,Mexico,Inflows of foreign population by nationality,Women,SWE,Sweden,2008,103,62,15
MEX,Mexico,Inflows of foreign population by nationality,Women,SWE,Sweden,2009,95,62,15
MEX,Mexico,Inflows of foreign population by nationality,Women,SWE,Sweden,2010,71,62,15
MEX,Mexico,Inflows of foreign population by nationality,Women,SWE,Sweden,2011,74,62,15
MEX,Mexico,Inflows of foreign population by nationality,Women,SWE,Sweden,2012,89,62,15
MEX,Mexico,Inflows of foreign population by nationality,Women,SWE,Sweden,2013,59,62,15
MEX,Mexico,Inflows of foreign population by nationality,Women,SWE,Sweden,2014,106,62,15
MEX,Mexico,Inflows of foreign population by nationality,Women,SWE,Sweden,2015,65,62,15
MEX,Mexico,Inflows of foreign population by nationality,Women,SWE,Sweden,2016,90,62,15
MEX,Mexico,Inflows of foreign population by nationality,Women,SWE,Sweden,2017,120,62,15
MEX,Mexico,Inflows of foreign population by nationality,Women,SWE,Sweden,2018,145,62,15
MEX,Mexico,Inflows of foreign population by nationality,Women,SWE,Sweden,2019,133,62,15
MEX,Mexico,Inflows of foreign population by nationality,Women,SWE,Sweden,2020,100,62,15
MEX,Mexico,Inflows of foreign population by nationality,Women,CHE,Switzerland,2010,375,47,8
MEX,Mexico,Inflows of foreign population by nationality,Women,CHE,Switzerland,2011,353,47,8
MEX,Mexico,Inflows of foreign population by nationality,Women,CHE,Switzerland,2012,335,47,8
MEX,Mexico,Inflows of foreign population by nationality,Women,CHE,Switzerland,2013,314,47,8
MEX,Mexico,Inflows of foreign population by nationality,Women,CHE,Switzerland,2014,306,47,8
MEX,Mexico,Inflows of foreign population by nationality,Women,CHE,Switzerland,2015,305,47,8
MEX,Mexico,Inflows of foreign population by nationality,Women,CHE,Switzerland,2016,297,47,8
MEX,Mexico,Inflows of foreign population by nationality,Women,CHE,Switzerland,2017,331,47,8
MEX,Mexico,Inflows of foreign population by nationality,Women,CHE,Switzerland,2018,305,47,8
MEX,Mexico,Inflows of foreign population by nationality,Women,CHE,Switzerland,2019,337,47,8
MEX,Mexico,Inflows of foreign population by nationality,Women,CHE,Switzerland,2020,318,47,8
MEX,Mexico,Inflows of foreign population by nationality,Women,TUR,Türkiye,2010,10,39,35
MEX,Mexico,Inflows of foreign population by nationality,Women,TUR,Türkiye,2016,56,39,35
MEX,Mexico,Inflows of foreign population by nationality,Women,TUR,Türkiye,2017,54,39,35
MEX,Mexico,Inflows of foreign population by nationality,Women,TUR,Türkiye,2018,72,39,35
MEX,Mexico,Inflows of foreign population by nationality,Women,TUR,Türkiye,2019,97,39,35
MEX,Mexico,Inflows of foreign population by nationality,Women,USA,United States,2002,121865,38,-97
MEX,Mexico,Inflows of foreign population by nationality,Women,USA,United States,2003,64948,38,-97
MEX,Mexico,Inflows of foreign population by nationality,Women,USA,United States,2004,99751,38,-97
MEX,Mexico,Inflows of foreign population by nationality,Women,USA,United States,2005,94271,38,-97
MEX,Mexico,Inflows of foreign population by nationality,Women,USA,United States,2006,103074,38,-97
MEX,Mexico,Inflows of foreign population by nationality,Women,USA,United States,2007,85747,38,-97
MEX,Mexico,Inflows of foreign population by nationality,Women,USA,United States,2008,109901,38,-97
MEX,Mexico,Inflows of foreign population by nationality,Women,USA,United States,2009,94369,38,-97
MEX,Mexico,Inflows of foreign population by nationality,Women,USA,United States,2010,78312,38,-97
MEX,Mexico,Inflows of foreign population by nationality,Women,USA,United States,2011,81901,38,-97
MEX,Mexico,Inflows of foreign population by nationality,Women,USA,United States,2012,82285,38,-97
MEX,Mexico,Inflows of foreign population by nationality,Women,USA,United States,2013,71500,38,-97
MEX,Mexico,Inflows of foreign population by nationality,Women,USA,United States,2014,74734,38,-97
MEX,Mexico,Inflows of foreign population by nationality,Women,USA,United States,2015,87288,38,-97
MEX,Mexico,Inflows of foreign population by nationality,Women,USA,United States,2016,95828,38,-97
MEX,Mexico,Inflows of foreign population by nationality,Women,USA,United States,2017,91360,38,-97
MEX,Mexico,Inflows of foreign population by nationality,Women,USA,United States,2018,85352,38,-97
MEX,Mexico,Inflows of foreign population by nationality,Women,USA,United States,2019,85480,38,-97
MEX,Mexico,Inflows of foreign population by nationality,Women,USA,United States,2020,54303,38,-97
MEX,Mexico,Inflows of foreign population by nationality,Women,CHL,Chile,2005,220,-30,-71
MEX,Mexico,Inflows of foreign population by nationality,Women,CHL,Chile,2006,212,-30,-71
MEX,Mexico,Inflows of foreign population by nationality,Women,CHL,Chile,2007,225,-30,-71
MEX,Mexico,Inflows of foreign population by nationality,Women,CHL,Chile,2008,224,-30,-71
MEX,Mexico,Inflows of foreign population by nationality,Women,CHL,Chile,2009,210,-30,-71
MEX,Mexico,Inflows of foreign population by nationality,Women,CHL,Chile,2010,229,-30,-71
MEX,Mexico,Inflows of foreign population by nationality,Women,CHL,Chile,2011,283,-30,-71
MEX,Mexico,Inflows of foreign population by nationality,Women,CHL,Chile,2012,354,-30,-71
MEX,Mexico,Inflows of foreign population by nationality,Women,CHL,Chile,2013,347,-30,-71
MEX,Mexico,Inflows of foreign population by nationality,Women,CHL,Chile,2014,363,-30,-71
MEX,Mexico,Inflows of foreign population by nationality,Women,CHL,Chile,2015,376,-30,-71
MEX,Mexico,Inflows of foreign population by nationality,Women,CHL,Chile,2016,373,-30,-71
MEX,Mexico,Inflows of foreign population by nationality,Women,EST,Estonia,2004,0,59,26
MEX,Mexico,Inflows of foreign population by nationality,Women,EST,Estonia,2005,0,59,26
MEX,Mexico,Inflows of foreign population by nationality,Women,EST,Estonia,2006,1,59,26
MEX,Mexico,Inflows of foreign population by nationality,Women,EST,Estonia,2007,0,59,26
MEX,Mexico,Inflows of foreign population by nationality,Women,EST,Estonia,2008,0,59,26
MEX,Mexico,Inflows of foreign population by nationality,Women,EST,Estonia,2009,1,59,26
MEX,Mexico,Inflows of foreign population by nationality,Women,EST,Estonia,2010,1,59,26
MEX,Mexico,Inflows of foreign population by nationality,Women,EST,Estonia,2011,1,59,26
MEX,Mexico,Inflows of foreign population by nationality,Women,EST,Estonia,2012,0,59,26
MEX,Mexico,Inflows of foreign population by nationality,Women,EST,Estonia,2013,3,59,26
MEX,Mexico,Inflows of foreign population by nationality,Women,EST,Estonia,2014,5,59,26
MEX,Mexico,Inflows of foreign population by nationality,Women,EST,Estonia,2015,6,59,26
MEX,Mexico,Inflows of foreign population by nationality,Women,EST,Estonia,2016,12,59,26
MEX,Mexico,Inflows of foreign population by nationality,Women,EST,Estonia,2017,6,59,26
MEX,Mexico,Inflows of foreign population by nationality,Women,EST,Estonia,2018,16,59,26
MEX,Mexico,Inflows of foreign population by nationality,Women,EST,Estonia,2019,7,59,26
MEX,Mexico,Inflows of foreign population by nationality,Women,ISR,Israel,2000,30,31.5,34.75
MEX,Mexico,Inflows of foreign population by nationality,Women,ISR,Israel,2001,30,31.5,34.75
MEX,Mexico,Inflows of foreign population by nationality,Women,ISR,Israel,2002,17,31.5,34.75
MEX,Mexico,Inflows of foreign population by nationality,Women,ISR,Israel,2003,37,31.5,34.75
MEX,Mexico,Inflows of foreign population by nationality,Women,ISR,Israel,2004,30,31.5,34.75
MEX,Mexico,Inflows of foreign population by nationality,Women,ISR,Israel,2005,30,31.5,34.75
MEX,Mexico,Inflows of foreign population by nationality,Women,ISR,Israel,2006,38,31.5,34.75
MEX,Mexico,Inflows of foreign population by nationality,Women,ISR,Israel,2007,21,31.5,34.75
MEX,Mexico,Inflows of foreign population by nationality,Women,ISR,Israel,2008,46,31.5,34.75
MEX,Mexico,Inflows of foreign population by nationality,Women,ISR,Israel,2009,59,31.5,34.75
MEX,Mexico,Inflows of foreign population by nationality,Women,ISR,Israel,2010,70,31.5,34.75
MEX,Mexico,Inflows of foreign population by nationality,Women,ISR,Israel,2011,52,31.5,34.75
MEX,Mexico,Inflows of foreign population by nationality,Women,ISR,Israel,2012,29,31.5,34.75
MEX,Mexico,Inflows of foreign population by nationality,Women,ISR,Israel,2013,41,31.5,34.75
MEX,Mexico,Inflows of foreign population by nationality,Women,ISR,Israel,2014,30,31.5,34.75
MEX,Mexico,Inflows of foreign population by nationality,Women,ISR,Israel,2015,43,31.5,34.75
MEX,Mexico,Inflows of foreign population by nationality,Women,ISR,Israel,2016,45,31.5,34.75
MEX,Mexico,Inflows of foreign population by nationality,Women,ISR,Israel,2017,37,31.5,34.75
MEX,Mexico,Inflows of foreign population by nationality,Women,ISR,Israel,2018,50,31.5,34.75
MEX,Mexico,Inflows of foreign population by nationality,Women,ISR,Israel,2019,70,31.5,34.75
MEX,Mexico,Inflows of foreign population by nationality,Women,ISR,Israel,2020,88,31.5,34.75
MEX,Mexico,Inflows of foreign population by nationality,Women,SVN,Slovenia,2007,2,46,15
MEX,Mexico,Inflows of foreign population by nationality,Women,SVN,Slovenia,2008,2,46,15
MEX,Mexico,Inflows of foreign population by nationality,Women,SVN,Slovenia,2009,3,46,15
MEX,Mexico,Inflows of foreign population by nationality,Women,SVN,Slovenia,2010,3,46,15
MEX,Mexico,Inflows of foreign population by nationality,Women,SVN,Slovenia,2011,4,46,15
MEX,Mexico,Inflows of foreign population by nationality,Women,SVN,Slovenia,2012,4,46,15
MEX,Mexico,Inflows of foreign population by nationality,Women,SVN,Slovenia,2013,5,46,15
MEX,Mexico,Inflows of foreign population by nationality,Women,SVN,Slovenia,2014,3,46,15
MEX,Mexico,Inflows of foreign population by nationality,Women,SVN,Slovenia,2015,3,46,15
MEX,Mexico,Inflows of foreign population by nationality,Women,SVN,Slovenia,2016,4,46,15
MEX,Mexico,Inflows of foreign population by nationality,Women,SVN,Slovenia,2017,5,46,15
MEX,Mexico,Inflows of foreign population by nationality,Women,SVN,Slovenia,2018,12,46,15
MEX,Mexico,Inflows of foreign population by nationality,Women,SVN,Slovenia,2019,3,46,15
MEX,Mexico,Inflows of foreign population by nationality,Women,SVN,Slovenia,2020,9,46,15
MEX,Mexico,Inflows of foreign population by nationality,Women,LVA,Latvia,2014,0,57,25
MEX,Mexico,Inflows of foreign population by nationality,Women,LVA,Latvia,2017,1,57,25
MEX,Mexico,Inflows of foreign population by nationality,Women,LVA,Latvia,2018,0,57,25
MEX,Mexico,Inflows of foreign population by nationality,Women,LVA,Latvia,2019,2,57,25
MEX,Mexico,Inflows of foreign population by nationality,Women,LVA,Latvia,2020,1,57,25